dpto,x,W,HNVT,HNVV
82133,30,1619,4602,4507
82133,25,1484,3259,3209
82133,35,1443,4804,4676
82133,40,1272,4734,4592
82133,45,1243,4791,4605
82133,50,1118,4466,4273
82133,20,1063,1707,1675
82133,55,1052,4322,4065
82133,60,898,3802,3574
82133,65,632,2664,2470
82133,70,527,2289,2106
82133,15,485,589,583
82133,75,398,1765,1601
82133,80,290,1266,1129
82133,85,121,490,437
82133,90,56,298,223
82133,95,23,107,86
82133,10,15,19,19
82126,30,1862,4258,4178
82126,45,1847,5485,5337
82126,35,1745,4773,4685
82126,40,1656,4853,4764
82126,50,1591,4784,4607
82126,55,1529,4458,4294
82126,25,1465,2805,2783
82126,60,1402,3903,3732
82126,65,1203,3228,3033
82126,70,1113,2934,2763
82126,20,942,1464,1439
82126,75,930,2228,2067
82126,80,718,1717,1510
82126,85,420,1013,901
82126,15,330,392,388
82126,90,167,427,360
82126,95,43,98,81
82126,10,7,8,8
82119,30,4999,11201,11004
82119,35,4396,11979,11716
82119,40,4228,12570,12304
82119,45,4172,13737,13345
82119,50,3832,12515,12124
82119,25,3802,7235,7164
82119,55,3583,11609,11105
82119,60,3262,9911,9510
82119,65,2649,7796,7374
82119,20,2530,3861,3821
82119,70,2287,6327,5910
82119,75,1769,4825,4421
82119,80,1306,3407,3075
82119,15,837,1011,987
82119,85,729,1937,1679
82119,90,236,679,563
82119,95,62,206,165
82119,10,25,35,33
82112,30,1232,3107,3049
82112,35,1135,3424,3327
82112,40,1075,3648,3553
82112,45,1057,3737,3641
82112,25,1007,2045,2019
82112,50,981,3463,3349
82112,55,904,3067,2965
82112,60,846,2715,2578
82112,65,749,2388,2250
82112,20,686,1031,1016
82112,70,614,1881,1773
82112,75,474,1501,1359
82112,80,369,1243,1118
82112,15,257,300,297
82112,85,198,672,587
82112,90,77,294,249
82112,95,14,86,68
82112,10,7,9,9
82105,30,2361,5531,5431
82105,35,2286,6570,6429
82105,45,2125,6915,6727
82105,40,2100,6750,6610
82105,50,1889,6077,5914
82105,25,1885,3795,3742
82105,55,1808,5784,5561
82105,60,1659,5247,5008
82105,65,1384,4226,3998
82105,70,1291,3767,3493
82105,20,1250,1930,1899
82105,75,1018,2795,2589
82105,80,788,2127,1943
82105,15,465,563,557
82105,85,442,1191,1054
82105,90,158,467,398
82105,95,32,89,70
82105,10,24,31,30
82098,30,926,2583,2540
82098,25,855,1763,1728
82098,35,846,2805,2729
82098,45,825,3329,3227
82098,40,753,2948,2857
82098,50,696,2945,2840
82098,20,671,1041,1020
82098,55,561,2330,2201
82098,60,510,2050,1933
82098,65,403,1639,1501
82098,15,336,384,384
82098,70,326,1393,1281
82098,75,250,1123,1018
82098,80,163,745,665
82098,85,102,501,414
82098,90,32,181,136
82098,95,13,58,40
82098,10,5,5,5
82091,30,2060,5296,5159
82091,35,2034,6348,6166
82091,45,1856,6272,5997
82091,25,1790,3791,3727
82091,40,1771,5794,5576
82091,50,1602,5410,5217
82091,55,1450,4768,4573
82091,60,1371,4625,4384
82091,20,1293,2030,2000
82091,65,1142,3537,3330
82091,70,994,3023,2799
82091,75,778,2514,2272
82091,80,610,1842,1630
82091,15,528,625,617
82091,85,341,1044,909
82091,90,107,368,318
82091,95,18,55,45
82091,10,13,16,16
82084,30,35052,76313,74513
82084,35,33148,86202,84458
82084,45,30265,93037,90057
82084,40,30098,86679,84210
82084,50,30057,95761,92698
82084,55,27687,87145,83789
82084,25,27138,50260,49512
82084,60,24126,72382,69199
82084,65,20022,57814,54620
82084,20,19868,30331,29803
82084,70,17019,46235,43093
82084,75,14254,37477,34574
82084,80,11323,28630,25591
82084,15,7032,8285,8160
82084,85,6367,15732,13585
82084,90,1913,5050,4361
82084,95,592,1852,1346
82084,10,196,260,256
82077,30,988,2863,2807
82077,35,883,3017,2947
82077,25,848,1880,1857
82077,40,779,2921,2854
82077,45,707,2732,2649
82077,50,629,2468,2348
82077,20,623,1016,995
82077,55,564,2363,2262
82077,60,445,1821,1708
82077,65,358,1607,1494
82077,15,307,357,353
82077,70,280,1264,1166
82077,75,210,929,830
82077,80,119,545,483
82077,85,74,376,331
82077,90,23,112,99
82077,10,10,11,11
82077,95,9,63,43
82070,30,3220,7391,7290
82070,35,2975,8155,8009
82070,45,2818,8799,8597
82070,40,2691,8154,7986
82070,50,2496,7996,7713
82070,25,2349,4451,4395
82070,55,2267,7178,6893
82070,60,2059,6127,5861
82070,65,1801,5238,5025
82070,70,1642,4734,4463
82070,20,1593,2365,2341
82070,75,1323,3836,3546
82070,80,996,2853,2556
82070,85,563,1658,1472
82070,15,497,569,560
82070,90,186,569,494
82070,95,30,91,73
82070,10,7,8,8
82063,30,16010,37193,36440
82063,35,14957,41661,40710
82063,40,13210,40809,39811
82063,45,13118,43196,41815
82063,50,12352,41131,39676
82063,55,12131,39251,37554
82063,25,11927,23606,23277
82063,60,10505,32709,31331
82063,65,8714,26897,25309
82063,20,8610,13131,12943
82063,70,6971,19898,18291
82063,75,5501,15579,14434
82063,80,4357,12057,11027
82063,15,3329,4036,3980
82063,85,2343,6754,5975
82063,90,837,2457,2072
82063,95,198,608,488
82063,10,62,83,81
82056,30,1919,4240,4183
82056,40,1780,5081,4998
82056,45,1775,5290,5121
82056,35,1767,4542,4477
82056,50,1729,5159,4954
82056,55,1618,4772,4603
82056,60,1577,4413,4227
82056,25,1390,2582,2540
82056,65,1296,3485,3314
82056,70,1228,3089,2926
82056,75,1001,2473,2290
82056,20,852,1238,1227
82056,80,749,1921,1760
82056,85,448,1111,993
82056,15,336,385,380
82056,90,139,398,328
82056,95,37,130,100
82056,10,11,11,11
82049,30,5410,13927,13518
82049,35,4968,16207,15717
82049,45,4844,16979,16445
82049,40,4686,16575,16097
82049,25,4657,10075,9929
82049,50,4195,15252,14645
82049,20,3598,5643,5543
82049,55,3576,13490,12726
82049,60,2636,10286,9762
82049,65,2186,8588,8019
82049,70,1923,8043,7382
82049,15,1513,1791,1765
82049,75,1474,6747,6143
82049,80,936,4423,3941
82049,85,476,2386,2078
82049,90,208,1047,842
82049,95,33,185,129
82049,10,33,39,38
82042,30,5521,12477,12290
82042,40,5465,15894,15564
82042,35,5311,13708,13451
82042,45,5129,15460,15038
82042,50,4910,14749,14339
82042,55,4654,13877,13342
82042,60,4405,12540,11929
82042,25,3939,7679,7602
82042,65,3862,10179,9595
82042,70,3658,9512,8922
82042,75,2920,7615,7081
82042,20,2714,4219,4173
82042,80,1998,5202,4730
82042,15,1030,1271,1216
82042,85,961,2321,2028
82042,90,421,1052,902
82042,95,92,345,282
82042,10,19,28,28
82035,30,637,1818,1788
82035,25,601,1264,1245
82035,35,519,1813,1777
82035,40,489,1934,1865
82035,45,473,2046,1997
82035,20,431,623,616
82035,50,409,1824,1757
82035,55,397,1600,1530
82035,60,347,1479,1370
82035,65,261,1157,1088
82035,70,221,848,792
82035,15,198,231,231
82035,75,161,704,638
82035,80,134,521,453
82035,85,77,319,269
82035,90,19,84,69
82035,10,9,11,10
82035,95,7,47,31
82028,30,2536,5776,5617
82028,35,2386,6297,6124
82028,45,2377,7290,7079
82028,40,2298,6749,6512
82028,50,2260,7130,6850
82028,55,2108,6467,6206
82028,60,1938,5729,5461
82028,25,1899,3697,3642
82028,65,1643,4662,4351
82028,70,1521,4033,3785
82028,75,1229,3195,2917
82028,20,1173,1821,1791
82028,80,931,2433,2172
82028,85,485,1305,1130
82028,15,411,491,481
82028,90,174,465,390
82028,95,50,197,143
82028,10,13,20,20
82021,30,5357,12666,12285
82021,35,5015,14086,13840
82021,40,4956,15480,15104
82021,45,4630,15106,14654
82021,25,4442,8854,8759
82021,50,4016,12777,12354
82021,55,3889,11869,11221
82021,60,3489,10528,10096
82021,20,2996,4451,4401
82021,65,2991,8555,8065
82021,70,2641,7229,6803
82021,75,2267,6274,5760
82021,80,1567,3929,3640
82021,15,1104,1249,1236
82021,85,785,2133,1820
82021,90,305,1037,905
82021,95,49,132,107
82021,10,27,31,31
82014,45,2257,6366,6179
82014,30,2196,4668,4568
82014,50,2192,6213,5999
82014,55,2188,6025,5807
82014,35,2178,5467,5358
82014,40,2062,5671,5544
82014,60,2026,5312,5090
82014,65,1722,4294,4058
82014,70,1568,3724,3490
82014,25,1528,2950,2905
82014,75,1368,3303,3040
82014,80,1070,2498,2284
82014,20,968,1503,1478
82014,85,647,1491,1287
82014,15,332,408,401
82014,90,215,578,486
82014,95,49,153,127
82014,10,10,19,18
82007,30,1404,3130,3048
82007,35,1301,3517,3430
82007,40,1195,3567,3446
82007,50,1140,3437,3320
82007,45,1117,3329,3226
82007,55,1103,3257,3144
82007,60,1037,2989,2829
82007,25,1009,1891,1864
82007,65,857,2436,2294
82007,70,720,1956,1827
82007,20,689,1005,996
82007,75,589,1540,1388
82007,80,431,1106,979
82007,85,267,692,604
82007,15,253,295,293
82007,90,103,284,251
82007,95,17,63,53
82007,10,3,3,3
42154,30,465,1112,1083
42154,35,431,1240,1224
42154,25,419,789,777
42154,40,418,1374,1345
42154,45,401,1367,1324
42154,50,374,1297,1262
42154,55,316,1088,1039
42154,20,288,411,408
42154,60,260,913,883
42154,65,213,748,699
42154,70,204,821,750
42154,75,167,662,611
42154,80,108,459,414
42154,15,91,108,106
42154,85,60,262,231
42154,90,28,131,106
42154,95,5,36,29
42154,10,2,3,3
42147,40,156,484,478
42147,35,154,427,424
42147,30,144,346,342
42147,45,136,452,444
42147,50,129,405,394
42147,55,128,411,399
42147,25,123,248,242
42147,60,117,337,327
42147,65,110,327,314
42147,70,91,260,245
42147,20,81,111,109
42147,75,59,190,179
42147,80,50,156,145
42147,85,32,87,73
42147,15,24,28,28
42147,90,8,31,27
42147,95,3,8,7
42147,10,1,2,2
42140,30,443,1062,1043
42140,35,435,1259,1241
42140,40,342,1093,1072
42140,25,340,702,693
42140,45,321,1105,1076
42140,20,249,403,396
42140,50,233,795,758
42140,55,225,834,788
42140,60,167,619,592
42140,65,137,513,483
42140,15,96,117,116
42140,70,88,306,285
42140,75,81,293,264
42140,80,48,199,181
42140,85,22,118,104
42140,90,11,49,42
42140,95,4,11,9
42133,45,475,1527,1486
42133,35,464,1367,1331
42133,40,460,1469,1432
42133,30,450,1043,1031
42133,50,397,1263,1238
42133,25,378,709,703
42133,55,371,1109,1075
42133,60,331,988,955
42133,65,313,965,918
42133,20,274,406,404
42133,70,257,761,714
42133,75,218,643,592
42133,80,147,398,349
42133,85,89,269,240
42133,15,81,90,90
42133,90,30,100,83
42133,95,2,11,9
42133,10,1,1,1
42126,30,341,853,830
42126,40,312,1012,995
42126,35,288,847,836
42126,45,287,1008,980
42126,25,277,574,565
42126,50,250,950,922
42126,55,242,872,838
42126,60,219,766,724
42126,20,213,349,346
42126,65,181,562,532
42126,70,144,512,469
42126,80,86,314,278
42126,75,81,293,260
42126,15,73,84,84
42126,85,43,147,134
42126,90,10,37,29
42126,95,3,17,15
42126,10,1,2,2
42119,30,256,640,630
42119,45,247,783,768
42119,35,241,636,628
42119,40,224,651,642
42119,55,212,645,631
42119,25,203,398,391
42119,60,200,627,606
42119,50,200,621,603
42119,65,192,551,535
42119,70,178,498,466
42119,20,120,179,178
42119,80,95,291,247
42119,75,91,261,246
42119,85,57,168,149
42119,15,34,43,42
42119,90,23,71,55
42119,10,1,1,1
42112,30,311,792,784
42112,35,295,1021,1003
42112,25,254,495,490
42112,45,243,966,946
42112,40,236,915,896
42112,20,216,329,322
42112,50,193,746,724
42112,55,164,672,638
42112,60,129,529,498
42112,65,116,511,482
42112,70,75,361,330
42112,15,73,95,92
42112,75,49,212,197
42112,80,27,170,158
42112,85,15,82,75
42112,90,4,29,16
42105,40,1881,5855,5820
42105,30,1836,4272,4185
42105,35,1779,4700,4594
42105,45,1493,4529,4456
42105,60,1388,4041,3937
42105,25,1330,2493,2457
42105,55,1326,3641,3511
42105,50,1273,4441,4296
42105,65,1087,3567,3407
42105,20,938,1427,1413
42105,70,913,2398,2186
42105,75,548,1695,1559
42105,80,523,1470,1359
42105,15,368,421,421
42105,85,233,558,466
42105,90,111,267,234
42105,95,11,22,22
42098,30,271,669,663
42098,35,267,771,754
42098,40,231,812,794
42098,50,219,842,819
42098,25,210,416,412
42098,45,192,660,643
42098,55,189,717,692
42098,60,185,665,642
42098,20,140,192,191
42098,65,121,532,489
42098,70,106,422,397
42098,75,92,446,404
42098,15,63,73,73
42098,80,59,265,236
42098,85,33,182,158
42098,90,6,25,21
42098,95,4,30,22
42098,10,2,4,4
42091,35,16,40,40
42091,25,15,25,24
42091,55,14,68,67
42091,30,14,39,38
42091,20,11,20,20
42091,45,10,39,38
42091,40,9,32,32
42091,70,8,38,33
42091,50,8,32,31
42091,60,7,22,22
42091,65,5,35,32
42091,75,1,4,4
42084,25,16,29,29
42084,40,14,47,47
42084,35,13,37,36
42084,45,11,39,39
42084,50,8,30,30
42084,55,7,23,23
42084,30,7,14,14
42084,60,6,27,26
42084,65,4,15,15
42084,20,4,6,6
42084,85,2,17,14
42084,75,2,3,3
42084,70,2,5,5
42084,15,2,2,2
42077,45,244,740,721
42077,30,228,508,501
42077,50,216,623,615
42077,60,208,620,595
42077,35,189,485,477
42077,65,184,544,520
42077,40,180,538,521
42077,25,170,325,324
42077,70,163,529,499
42077,55,163,511,498
42077,75,113,338,306
42077,80,85,283,258
42077,20,85,105,104
42077,85,42,138,124
42077,15,27,30,30
42077,90,9,40,34
42077,95,4,23,19
42077,10,1,1,1
42070,35,258,733,725
42070,30,254,631,621
42070,45,253,747,736
42070,40,235,721,700
42070,60,220,691,667
42070,50,205,610,590
42070,55,200,598,574
42070,65,198,599,572
42070,25,185,367,364
42070,70,167,516,495
42070,75,126,411,383
42070,20,93,138,137
42070,80,79,256,230
42070,85,41,117,100
42070,15,24,32,28
42070,90,13,39,32
42070,95,1,8,4
42063,30,59,180,174
42063,40,42,154,149
42063,20,42,57,56
42063,35,41,130,118
42063,25,33,64,63
42063,55,30,122,119
42063,45,30,135,127
42063,60,27,151,140
42063,65,24,138,127
42063,50,20,91,86
42063,70,14,92,85
42063,15,9,9,9
42063,75,8,67,64
42063,85,6,31,29
42063,80,4,19,18
42063,90,2,27,24
42056,30,328,813,798
42056,35,326,932,916
42056,25,300,585,582
42056,45,295,1016,989
42056,40,288,968,949
42056,50,284,918,892
42056,55,270,921,884
42056,60,261,835,808
42056,20,226,337,328
42056,65,191,559,530
42056,70,177,584,552
42056,75,106,292,273
42056,80,96,294,274
42056,85,61,179,165
42056,15,49,52,51
42056,90,9,26,24
42056,95,7,29,22
42056,10,3,4,4
42049,30,96,255,241
42049,25,95,188,185
42049,45,85,321,311
42049,35,78,250,244
42049,40,69,240,236
42049,55,57,228,219
42049,20,57,85,84
42049,50,53,227,219
42049,65,46,209,186
42049,60,46,213,205
42049,15,33,39,39
42049,75,24,143,128
42049,70,17,91,81
42049,80,11,64,58
42049,85,4,25,23
42049,95,2,16,8
42049,90,2,17,12
42042,25,33,68,67
42042,20,29,42,42
42042,30,26,66,66
42042,45,24,93,92
42042,35,23,62,58
42042,50,22,89,86
42042,40,22,91,91
42042,55,20,82,79
42042,60,14,54,53
42042,65,12,60,56
42042,15,10,10,10
42042,75,4,28,25
42042,70,4,10,7
42042,80,3,19,16
42042,85,2,21,17
42035,35,419,1066,1038
42035,40,418,1208,1176
42035,45,404,1212,1174
42035,30,399,861,851
42035,50,381,1141,1110
42035,55,339,1091,1067
42035,60,319,911,876
42035,65,308,870,824
42035,25,298,536,531
42035,70,245,739,699
42035,20,206,294,291
42035,75,202,558,492
42035,80,119,354,321
42035,85,62,201,180
42035,15,61,67,66
42035,90,30,110,89
42035,95,10,42,32
42035,10,2,2,1
42028,30,222,584,566
42028,35,218,656,635
42028,25,207,439,434
42028,40,193,665,643
42028,45,184,677,658
42028,55,166,537,517
42028,50,153,565,547
42028,60,137,404,387
42028,20,133,215,212
42028,65,106,372,358
42028,70,80,319,284
42028,75,71,261,238
42028,80,58,169,155
42028,15,50,61,60
42028,85,20,83,73
42028,90,10,28,25
42028,95,3,8,6
42021,35,3405,9162,9070
42021,30,3189,7350,7181
42021,40,3012,9100,8937
42021,50,2838,8745,8569
42021,45,2806,8658,8499
42021,55,2379,7364,7144
42021,25,2255,4105,3971
42021,60,2094,6461,6216
42021,65,1705,5307,4870
42021,20,1606,2418,2364
42021,70,1436,4192,3894
42021,75,1141,3581,3414
42021,80,803,2387,2176
42021,15,576,696,696
42021,85,446,1764,1543
42021,90,175,345,314
42021,95,47,116,116
42014,35,91,259,254
42014,30,70,154,153
42014,25,70,137,135
42014,40,66,250,246
42014,20,66,99,98
42014,50,50,200,195
42014,55,46,162,148
42014,45,46,160,156
42014,60,45,134,126
42014,65,24,92,86
42014,70,17,73,70
42014,15,15,15,15
42014,75,13,53,49
42014,80,6,18,16
42014,85,4,13,9
42014,90,1,8,7
42014,10,1,1,1
42007,45,307,926,904
42007,30,307,685,676
42007,35,297,765,760
42007,40,293,849,833
42007,50,272,875,845
42007,55,243,787,763
42007,25,238,416,413
42007,60,224,717,695
42007,65,205,689,643
42007,20,153,231,229
42007,70,151,473,443
42007,75,131,412,376
42007,80,87,298,261
42007,15,63,66,65
42007,85,52,178,152
42007,90,18,64,49
42007,95,8,29,25
42007,10,2,2,1
30113,30,1435,3760,3684
30113,35,1321,4311,4186
30113,25,1287,2729,2688
30113,40,1203,4368,4251
30113,45,1161,4637,4539
30113,50,1089,4365,4217
30113,55,998,3928,3769
30113,20,998,1547,1524
30113,60,921,3511,3367
30113,65,798,3104,2945
30113,70,612,2541,2412
30113,75,484,1904,1754
30113,80,387,1711,1510
30113,15,362,451,439
30113,85,211,970,853
30113,90,85,404,333
30113,95,32,184,146
30113,10,13,20,19
30105,35,1092,3058,2980
30105,30,1059,2360,2336
30105,45,941,3251,3164
30105,40,927,3031,2948
30105,25,894,1701,1673
30105,50,811,2805,2703
30105,55,783,2783,2665
30105,60,733,2458,2351
30105,20,588,897,887
30105,65,559,1919,1832
30105,70,520,1858,1742
30105,75,416,1538,1415
30105,80,300,1065,973
30105,15,226,276,270
30105,85,171,723,614
30105,90,53,218,185
30105,95,25,94,66
30105,10,6,9,9
30098,30,3041,7368,7211
30098,35,2842,7917,7847
30098,45,2680,8714,8475
30098,40,2573,7764,7601
30098,25,2355,4483,4429
30098,50,2306,7661,7411
30098,60,2289,7088,6918
30098,55,2120,7188,6873
30098,65,1840,6114,5749
30098,70,1566,5124,4786
30098,20,1424,2085,2074
30098,75,1093,3197,2928
30098,80,937,3061,2749
30098,15,572,690,651
30098,85,410,1572,1363
30098,90,102,391,338
30098,95,37,124,86
30098,10,25,36,36
30091,30,751,1825,1792
30091,35,712,2149,2078
30091,50,650,2255,2198
30091,40,631,2035,1962
30091,45,614,2025,1977
30091,25,612,1209,1189
30091,55,567,2056,1990
30091,60,525,1763,1677
30091,65,485,1599,1529
30091,20,453,708,694
30091,70,394,1454,1364
30091,75,321,1158,1069
30091,80,238,891,779
30091,15,162,198,196
30091,85,125,576,493
30091,90,51,215,176
30091,95,11,54,42
30091,10,4,4,4
30088,30,562,1534,1506
30088,35,492,1508,1464
30088,40,482,1601,1550
30088,25,431,969,960
30088,45,426,1490,1448
30088,50,364,1340,1281
30088,20,362,547,536
30088,60,321,1194,1135
30088,55,316,1185,1117
30088,65,287,1121,1058
30088,70,233,950,888
30088,75,156,569,525
30088,15,154,191,183
30088,80,122,486,440
30088,85,73,323,264
30088,90,27,121,104
30088,95,7,33,23
30088,10,5,5,5
30084,35,9935,26528,25932
30084,30,9842,21874,21434
30084,40,9034,27058,26584
30084,45,8786,28443,27663
30084,50,8198,27389,26756
30084,55,8113,27235,26406
30084,25,7316,13891,13556
30084,60,6792,21790,20965
30084,65,5075,17627,16736
30084,20,4906,7247,7101
30084,70,4717,15226,14389
30084,75,3667,12061,11252
30084,80,2699,9189,8411
30084,15,1615,1959,1918
30084,85,1299,4828,4297
30084,90,518,2067,1810
30084,95,139,605,483
30084,10,31,41,40
30077,30,1134,2741,2694
30077,35,1093,3158,3096
30077,45,1027,3399,3313
30077,25,982,1880,1845
30077,40,970,3277,3213
30077,50,946,3242,3123
30077,55,855,3071,2945
30077,60,829,2979,2837
30077,65,718,2644,2493
30077,20,655,991,977
30077,70,602,2211,2090
30077,75,485,1832,1699
30077,80,312,1250,1111
30077,15,222,259,257
30077,85,183,815,717
30077,90,67,368,292
30077,95,19,82,66
30077,10,7,8,8
30070,30,1983,5636,5531
30070,35,1850,6450,6310
30070,25,1740,3824,3789
30070,45,1680,6858,6705
30070,40,1624,6476,6330
30070,50,1444,6206,6008
30070,55,1312,5641,5427
30070,20,1220,1934,1910
30070,60,1103,4581,4424
30070,65,936,4153,3962
30070,70,794,3739,3494
30070,75,584,2676,2470
30070,15,536,652,645
30070,80,423,2131,1872
30070,85,224,1172,983
30070,90,75,431,368
30070,10,20,24,24
30070,95,15,87,66
30063,30,391,1080,1042
30063,25,357,758,743
30063,35,336,1226,1191
30063,20,300,478,472
30063,40,297,1257,1225
30063,45,262,1084,1053
30063,50,244,1079,1051
30063,55,213,955,920
30063,60,149,641,608
30063,65,142,633,584
30063,15,96,114,114
30063,70,88,455,431
30063,75,73,360,327
30063,80,57,284,262
30063,85,22,137,121
30063,90,7,36,34
30063,95,3,16,11
30063,10,2,3,3
30056,35,3291,9198,9045
30056,30,3126,7030,6935
30056,45,3081,9835,9590
30056,40,2981,8645,8421
30056,50,2722,8606,8296
30056,25,2693,5382,5322
30056,55,2562,8574,8257
30056,60,2343,8238,7902
30056,70,1803,6809,6442
30056,20,1799,2859,2827
30056,65,1652,5276,5040
30056,75,1133,4311,3944
30056,80,855,3549,3271
30056,15,491,537,533
30056,85,455,1773,1551
30056,90,176,895,778
30056,95,61,197,167
30056,10,11,11,11
30049,35,1593,4374,4242
30049,30,1583,3756,3654
30049,45,1418,4664,4529
30049,40,1405,4419,4326
30049,25,1297,2579,2541
30049,50,1223,4148,4039
30049,55,1099,3701,3571
30049,60,954,3344,3198
30049,20,867,1294,1273
30049,65,850,3295,3128
30049,70,720,2757,2578
30049,75,587,2295,2087
30049,80,401,1578,1414
30049,15,355,426,414
30049,85,221,998,872
30049,90,100,439,374
30049,95,16,69,60
30049,10,12,20,20
30042,25,432,945,935
30042,35,430,1586,1565
30042,30,422,1227,1191
30042,40,364,1505,1470
30042,45,355,1591,1533
30042,20,311,497,488
30042,50,278,1268,1224
30042,55,257,1177,1136
30042,60,225,1085,1029
30042,65,160,768,736
30042,15,149,176,176
30042,70,134,655,607
30042,75,111,546,496
30042,80,66,372,323
30042,85,43,262,222
30042,90,19,118,97
30042,10,8,8,8
30042,95,4,14,10
30035,35,765,2528,2470
30035,30,748,2006,1967
30035,25,716,1426,1390
30035,45,664,2638,2540
30035,40,651,2349,2297
30035,50,540,2210,2115
30035,20,529,799,794
30035,55,478,2114,2027
30035,60,420,1856,1772
30035,65,332,1372,1301
30035,70,294,1459,1369
30035,15,230,267,266
30035,75,219,1067,996
30035,80,159,876,783
30035,85,92,480,428
30035,90,29,181,154
30035,95,8,60,44
30035,10,5,7,7
30028,30,2231,5579,5465
30028,35,1958,5946,5826
30028,25,1923,3861,3790
30028,40,1752,5974,5782
30028,45,1735,6208,6028
30028,50,1655,6044,5789
30028,20,1328,2022,1983
30028,55,1323,4750,4543
30028,60,1025,3727,3541
30028,65,838,3261,3070
30028,70,677,2871,2625
30028,75,506,2249,2062
30028,15,495,575,567
30028,80,376,1790,1590
30028,85,193,1003,864
30028,90,73,407,342
30028,95,15,103,93
30028,10,14,15,15
30021,30,1316,2982,2896
30021,35,1247,3344,3271
30021,40,1184,3636,3539
30021,45,1150,3661,3542
30021,50,1121,3716,3602
30021,55,1039,3516,3359
30021,25,990,1795,1775
30021,60,954,3195,3062
30021,65,870,2927,2790
30021,70,713,2418,2275
30021,20,683,1016,996
30021,75,546,1907,1726
30021,80,397,1534,1367
30021,15,248,296,290
30021,85,215,877,773
30021,90,72,313,258
30021,95,16,86,71
30021,10,3,3,2
30015,30,5069,13739,13488
30015,35,4651,15347,15015
30015,25,4336,9431,9309
30015,45,4273,14927,14577
30015,40,4246,15853,15486
30015,50,3891,14998,14411
30015,20,3471,5802,5650
30015,55,3167,12013,11325
30015,60,3126,11899,11322
30015,65,2233,7863,7491
30015,70,1874,7710,7197
30015,75,1415,5298,4820
30015,15,1381,1694,1688
30015,80,970,3709,3300
30015,85,434,1539,1318
30015,90,217,1094,834
30015,10,28,37,37
30015,95,27,82,70
30008,35,1883,5284,5179
30008,30,1804,4305,4216
30008,40,1692,5153,5050
30008,45,1613,5133,5001
30008,50,1493,4787,4580
30008,25,1474,2799,2748
30008,55,1323,4297,4158
30008,60,1189,3753,3592
30008,65,1036,3304,3133
30008,20,1021,1554,1538
30008,70,880,2873,2657
30008,75,758,2534,2349
30008,80,504,1772,1575
30008,15,390,468,460
30008,85,256,1030,906
30008,90,108,471,417
30008,95,28,110,88
30008,10,13,17,16
14182,30,3241,7710,7621
14182,35,2938,8237,8085
14182,45,2814,8633,8403
14182,50,2695,8512,8223
14182,40,2646,8022,7848
14182,55,2507,7537,7266
14182,25,2478,4911,4842
14182,60,2378,6923,6682
14182,65,1967,5650,5343
14182,70,1788,5120,4816
14182,20,1566,2577,2553
14182,75,1467,4102,3805
14182,80,1064,3026,2739
14182,15,575,714,708
14182,85,505,1447,1286
14182,90,187,560,491
14182,95,28,88,76
14182,10,18,22,22
14175,30,347,876,864
14175,35,331,1069,1050
14175,40,330,1122,1096
14175,25,322,658,652
14175,45,300,1122,1094
14175,50,288,1123,1078
14175,20,241,376,375
14175,60,240,888,841
14175,55,233,880,853
14175,65,222,893,848
14175,70,158,642,586
14175,75,123,536,492
14175,80,91,423,376
14175,15,86,104,102
14175,85,42,255,225
14175,90,28,152,128
14175,95,5,25,19
14175,10,4,4,4
14168,30,589,1479,1445
14168,35,523,1566,1525
14168,25,507,1032,1012
14168,40,491,1608,1559
14168,45,478,1620,1550
14168,50,365,1338,1294
14168,20,354,550,540
14168,55,336,1234,1183
14168,60,306,1101,1040
14168,65,256,914,874
14168,70,209,802,745
14168,75,133,519,475
14168,15,108,130,128
14168,80,95,444,394
14168,85,71,280,252
14168,90,24,110,88
14168,95,4,25,21
14168,10,2,2,2
14161,30,3150,7082,6961
14161,45,3138,9554,9296
14161,35,3091,8249,8082
14161,40,2985,8960,8767
14161,50,2877,8802,8545
14161,55,2713,8412,8127
14161,60,2696,8064,7733
14161,25,2410,4466,4400
14161,65,2178,6433,6073
14161,70,1773,5171,4823
14161,20,1478,2227,2199
14161,75,1461,4257,3922
14161,80,1139,3268,2956
14161,85,632,1905,1681
14161,15,487,571,558
14161,90,233,789,659
14161,95,30,89,77
14161,10,15,20,20
14154,30,141,409,406
14154,25,118,266,263
14154,35,116,365,359
14154,45,111,485,475
14154,40,104,398,390
14154,20,83,122,122
14154,60,77,320,301
14154,50,76,312,302
14154,55,72,286,275
14154,65,60,299,285
14154,70,43,185,180
14154,75,40,184,172
14154,15,23,27,27
14154,80,22,102,91
14154,85,15,87,73
14154,90,4,20,17
14154,95,3,12,9
14147,30,2976,7026,6856
14147,35,2930,8223,8072
14147,40,2472,7846,7701
14147,45,2415,8004,7779
14147,25,2310,4485,4417
14147,50,2236,7651,7404
14147,55,2123,7341,7073
14147,60,1830,6179,5891
14147,20,1564,2343,2322
14147,65,1466,5013,4737
14147,70,1214,4044,3763
14147,75,936,2985,2735
14147,80,694,2307,2049
14147,15,565,661,652
14147,85,323,1124,977
14147,90,91,351,292
14147,95,21,85,72
14147,10,7,10,10
14140,30,6122,14520,14236
14140,35,5954,16206,15920
14140,40,5608,17286,16906
14140,45,5363,16418,16030
14140,50,5009,15849,15329
14140,25,4859,9603,9482
14140,55,4678,14083,13575
14140,60,4615,13660,13185
14140,65,3889,11017,10428
14140,20,3206,5011,4964
14140,70,3181,9245,8786
14140,75,2614,7564,7000
14140,80,2117,5864,5310
14140,15,1113,1405,1389
14140,85,1044,3179,2778
14140,90,413,1220,1044
14140,95,80,236,164
14140,10,25,30,30
14133,30,1619,3887,3825
14133,35,1531,4480,4377
14133,40,1483,4764,4620
14133,45,1447,4921,4789
14133,25,1313,2519,2472
14133,50,1249,4444,4269
14133,55,1157,4231,4049
14133,60,1034,3762,3586
14133,20,900,1359,1342
14133,65,826,3215,3045
14133,70,637,2449,2253
14133,75,598,2385,2184
14133,80,412,1785,1584
14133,15,319,403,400
14133,85,237,1008,873
14133,90,83,401,335
14133,95,22,100,81
14133,10,11,15,14
14126,30,1087,2663,2624
14126,35,1079,3269,3210
14126,40,1051,3631,3548
14126,45,912,3254,3180
14126,25,887,1701,1685
14126,50,737,2801,2697
14126,55,708,2737,2615
14126,20,704,970,960
14126,60,674,2637,2501
14126,65,517,1921,1811
14126,70,412,1724,1599
14126,75,326,1385,1247
14126,15,239,268,267
14126,80,228,1121,998
14126,85,123,636,564
14126,90,45,239,203
14126,95,13,61,52
14126,10,4,5,5
14119,30,3124,7302,7157
14119,35,2991,8286,8095
14119,45,2930,9194,8918
14119,40,2724,8229,8061
14119,50,2612,8396,8092
14119,25,2355,4491,4404
14119,55,2303,7224,6914
14119,60,2165,6734,6430
14119,65,1813,5575,5299
14119,70,1550,4703,4390
14119,20,1502,2276,2256
14119,75,1225,3728,3432
14119,80,873,2818,2489
14119,15,500,579,570
14119,85,470,1527,1347
14119,90,130,475,377
14119,95,33,120,94
14119,10,7,10,9
14112,30,392,1126,1104
14112,35,367,1233,1209
14112,40,357,1322,1301
14112,25,340,777,763
14112,50,300,1171,1136
14112,45,284,1010,991
14112,20,260,453,446
14112,60,221,979,919
14112,55,216,870,846
14112,65,186,750,717
14112,70,127,554,523
14112,15,124,149,146
14112,75,113,469,442
14112,80,73,360,328
14112,85,45,241,212
14112,90,13,55,51
14112,95,3,22,16
14112,10,1,2,2
14105,30,1413,3559,3521
14105,35,1381,4153,4069
14105,25,1196,2419,2384
14105,45,1150,4156,4050
14105,40,1100,3687,3607
14105,50,944,3448,3332
14105,55,909,3284,3168
14105,20,846,1296,1288
14105,60,837,2975,2848
14105,65,665,2288,2166
14105,70,547,1946,1841
14105,75,440,1622,1515
14105,80,300,1250,1119
14105,15,284,325,321
14105,85,159,679,580
14105,90,58,278,237
14105,95,12,75,54
14105,10,5,5,5
14098,30,7345,16478,16037
14098,40,6952,20298,19839
14098,45,6767,20038,19526
14098,35,6662,17437,17141
14098,50,6104,17958,17259
14098,55,5832,17201,16544
14098,60,5119,15596,14904
14098,25,5031,9691,9485
14098,65,4807,13285,12612
14098,70,3678,10362,9702
14098,20,3626,5345,5256
14098,75,2990,8793,8258
14098,80,2048,6265,5812
14098,85,1253,3537,3068
14098,15,958,1162,1135
14098,90,464,1730,1381
14098,95,141,446,351
14098,10,33,49,39
14091,35,4817,12924,12711
14091,30,4805,10542,10314
14091,40,4675,13450,13052
14091,45,4581,13718,13420
14091,50,4349,13089,12692
14091,55,4232,12341,11994
14091,60,4138,12297,11831
14091,65,3573,10257,9795
14091,25,3400,6401,6342
14091,70,2536,7086,6636
14091,20,2323,3402,3320
14091,75,2110,5855,5466
14091,80,1458,3896,3578
14091,85,738,2208,1958
14091,15,678,778,769
14091,90,270,746,634
14091,95,88,261,192
14091,10,41,78,78
14084,35,1099,3043,2983
14084,30,1073,2641,2578
14084,40,961,2982,2906
14084,45,914,2856,2772
14084,50,905,2851,2749
14084,55,897,2760,2668
14084,25,862,1665,1647
14084,60,838,2542,2437
14084,65,695,2062,1946
14084,70,581,1662,1569
14084,20,542,797,787
14084,75,470,1345,1243
14084,80,357,1026,943
14084,85,202,563,498
14084,15,191,220,218
14084,90,74,214,187
14084,95,17,49,39
14084,10,2,2,2
14077,40,154,487,475
14077,35,145,488,486
14077,30,141,386,379
14077,50,123,462,440
14077,60,110,403,362
14077,45,102,385,374
14077,25,101,208,206
14077,55,96,349,337
14077,20,96,143,143
14077,65,85,370,356
14077,70,75,356,329
14077,75,64,361,320
14077,80,56,316,289
14077,15,30,32,30
14077,85,21,116,108
14077,90,11,48,42
14077,95,2,16,13
14077,10,1,1,1
14070,35,122,421,406
14070,30,121,367,361
14070,50,113,445,429
14070,45,112,422,408
14070,25,110,243,240
14070,40,99,334,329
14070,60,93,381,367
14070,55,85,382,359
14070,65,81,348,337
14070,70,69,323,299
14070,75,59,305,286
14070,20,55,91,85
14070,80,38,187,162
14070,15,34,43,43
14070,85,23,126,108
14070,95,5,33,30
14070,90,5,42,40
14063,30,3038,6644,6521
14063,35,2983,7609,7492
14063,45,2907,8349,8155
14063,50,2737,7857,7613
14063,40,2734,7754,7583
14063,55,2693,7697,7450
14063,60,2513,6962,6709
14063,25,2250,4165,4113
14063,65,2226,5882,5599
14063,70,1888,4988,4676
14063,75,1645,4224,3874
14063,20,1307,1927,1902
14063,80,1232,3162,2849
14063,85,718,1918,1695
14063,15,433,501,494
14063,90,237,638,539
14063,95,49,158,129
14063,10,10,15,14
14056,30,1900,4527,4447
14056,35,1733,4714,4633
14056,45,1728,5285,5145
14056,40,1672,5046,4933
14056,25,1539,2934,2895
14056,50,1455,4516,4360
14056,55,1365,4157,3982
14056,60,1213,3695,3508
14056,65,1086,3244,3092
14056,20,1056,1617,1589
14056,70,924,2745,2584
14056,75,677,2149,1959
14056,80,532,1639,1457
14056,15,325,388,384
14056,85,285,824,713
14056,90,101,314,269
14056,95,14,36,29
14056,10,6,10,10
14049,30,903,2333,2306
14049,35,838,2663,2612
14049,40,837,3023,2957
14049,25,802,1615,1597
14049,45,753,2765,2699
14049,50,674,2511,2381
14049,55,664,2477,2400
14049,60,620,2294,2206
14049,20,599,905,896
14049,65,463,1762,1658
14049,70,430,1529,1435
14049,75,367,1415,1274
14049,80,262,1111,943
14049,15,228,261,258
14049,85,139,580,512
14049,90,51,254,211
14049,95,14,55,42
14049,10,3,3,3
14042,30,3815,9150,9018
14042,35,3628,9617,9384
14042,45,3452,10096,9840
14042,50,3419,10037,9717
14042,40,3264,9967,9816
14042,25,3136,6022,5974
14042,60,2833,8235,7933
14042,55,2773,8180,7897
14042,65,2020,5720,5413
14042,70,1991,5609,5144
14042,20,1905,2774,2740
14042,75,1760,4990,4661
14042,80,1141,3221,2941
14042,85,685,2007,1779
14042,15,614,712,695
14042,90,188,464,400
14042,95,34,147,140
14042,10,7,12,12
14035,30,1061,2490,2435
14035,35,1009,2827,2769
14035,45,970,3205,3130
14035,25,929,1790,1771
14035,40,920,2956,2880
14035,50,889,2816,2713
14035,55,759,2512,2411
14035,60,709,2254,2160
14035,65,629,2017,1899
14035,20,625,951,940
14035,70,497,1529,1445
14035,75,358,1165,1078
14035,80,261,907,806
14035,15,189,228,224
14035,85,152,539,463
14035,90,53,170,140
14035,95,16,46,34
14035,10,5,9,9
14028,30,1738,4571,4472
14028,35,1475,4767,4684
14028,40,1414,5110,4938
14028,45,1402,5339,5184
14028,25,1397,2831,2788
14028,50,1313,4877,4686
14028,55,1144,4526,4318
14028,20,1067,1637,1619
14028,60,1064,3944,3710
14028,65,879,3354,3181
14028,70,700,2718,2509
14028,75,597,2414,2220
14028,80,461,1954,1731
14028,15,414,489,481
14028,85,200,902,762
14028,90,77,372,305
14028,95,26,133,118
14028,10,12,18,18
14021,30,7362,17188,16881
14021,35,7356,20320,19975
14021,40,6445,20273,19836
14021,45,5634,18491,18082
14021,25,5519,10516,10379
14021,50,4871,16290,15790
14021,55,4501,15163,14602
14021,60,3953,13039,12493
14021,20,3819,5563,5505
14021,65,3009,9827,9339
14021,70,2327,7523,7049
14021,75,1823,5851,5420
14021,80,1240,4226,3730
14021,15,1191,1362,1349
14021,85,646,2139,1901
14021,90,200,717,620
14021,95,42,128,107
14021,10,15,22,22
14014,30,38798,87059,85511
14014,35,37467,99846,97857
14014,45,33398,105444,102626
14014,40,32278,95250,93228
14014,50,31001,98259,95218
14014,55,29845,94636,91242
14014,25,28961,52647,51953
14014,60,27320,84536,81376
14014,65,21643,64900,62302
14014,20,19178,28183,27825
14014,70,17284,52255,49401
14014,75,14127,42202,39164
14014,80,10614,32293,29391
14014,15,5633,6523,6375
14014,85,5571,16358,14318
14014,90,2075,6716,5751
14014,95,479,1839,1538
14014,10,154,294,294
14007,30,1569,3784,3719
14007,35,1478,4122,4033
14007,45,1374,4429,4326
14007,40,1336,4158,4065
14007,55,1270,3939,3817
14007,25,1214,2343,2298
14007,50,1203,3824,3698
14007,60,1143,3537,3395
14007,65,957,3020,2859
14007,20,780,1208,1183
14007,70,699,2177,2048
14007,75,515,1618,1478
14007,80,442,1413,1268
14007,15,267,297,291
14007,85,215,729,635
14007,90,59,284,231
14007,95,11,51,35
14007,10,10,13,13
6882,30,3477,8739,8674
6882,35,3220,9548,9418
6882,25,3009,6016,5965
6882,40,2894,8905,8631
6882,45,2846,9136,8893
6882,50,2749,8421,8095
6882,55,2506,8659,8404
6882,20,2231,3630,3618
6882,60,1917,5645,5441
6882,65,1743,5697,5332
6882,70,1273,3712,3545
6882,75,1252,3406,3135
6882,15,895,1136,1133
6882,80,862,2265,1989
6882,85,412,921,879
6882,90,155,383,328
6882,95,16,58,41
6882,10,7,11,11
6875,35,952,2849,2806
6875,30,951,2383,2342
6875,25,847,1664,1646
6875,45,764,2866,2774
6875,40,762,2661,2592
6875,20,672,1001,990
6875,50,656,2577,2486
6875,55,584,2113,2027
6875,60,534,1867,1758
6875,65,449,1568,1477
6875,70,350,1309,1225
6875,75,283,982,882
6875,15,225,266,261
6875,80,207,698,639
6875,85,105,351,308
6875,90,32,103,85
6875,95,8,43,32
6875,10,2,2,2
6868,30,992,2287,2245
6868,35,970,2534,2474
6868,40,838,2518,2456
6868,45,797,2503,2447
6868,25,767,1494,1479
6868,50,765,2477,2416
6868,55,744,2219,2150
6868,60,661,1861,1775
6868,20,551,846,834
6868,65,523,1510,1435
6868,70,348,1004,941
6868,75,280,769,712
6868,80,185,499,446
6868,15,170,203,202
6868,85,80,220,199
6868,90,24,70,62
6868,95,7,20,19
6868,10,3,4,4
6861,50,8333,20133,19772
6861,55,8063,21291,20789
6861,45,7935,18280,17904
6861,35,7668,15160,15002
6861,60,7483,18157,17668
6861,40,7145,15466,15268
6861,65,5925,15142,14680
6861,30,5809,10309,10098
6861,70,5359,12393,11849
6861,75,4652,10531,9981
6861,80,4392,9844,9134
6861,25,2778,4041,3984
6861,85,2453,5463,4832
6861,20,1479,2083,2059
6861,90,865,2018,1802
6861,15,293,391,379
6861,95,183,465,424
6861,10,4,10,10
6854,35,996,2695,2655
6854,30,992,2329,2294
6854,45,953,2994,2919
6854,40,946,2955,2888
6854,50,895,2788,2698
6854,55,850,2644,2560
6854,60,846,2474,2390
6854,25,801,1544,1520
6854,65,762,2187,2080
6854,70,622,1786,1679
6854,20,567,883,871
6854,75,543,1481,1371
6854,80,436,1172,1073
6854,85,225,586,501
6854,15,208,254,253
6854,90,86,274,233
6854,95,32,121,93
6854,10,4,4,4
6847,35,276,750,737
6847,45,253,783,766
6847,30,232,525,523
6847,60,221,591,573
6847,40,216,629,613
6847,50,211,660,637
6847,25,206,418,415
6847,55,176,535,523
6847,65,163,430,421
6847,70,133,363,340
6847,20,117,182,180
6847,75,105,288,269
6847,80,88,286,264
6847,85,51,165,148
6847,15,44,50,50
6847,90,20,54,43
6847,95,4,16,15
6840,35,10090,22718,22425
6840,30,9314,18313,17941
6840,45,9250,24563,24009
6840,55,9233,25328,24342
6840,40,8866,22571,22098
6840,50,8751,22820,22081
6840,60,8615,22843,21786
6840,65,7015,18130,17291
6840,25,6453,10878,10757
6840,70,6148,16025,14981
6840,75,5494,13196,12043
6840,20,4181,5932,5869
6840,80,4052,9655,8869
6840,85,2264,5825,5101
6840,15,1085,1211,1184
6840,90,788,1967,1729
6840,95,188,495,449
6840,10,36,36,36
6833,40,1688,4851,4800
6833,45,1558,4216,4169
6833,35,1556,4034,3984
6833,50,1540,4487,4329
6833,30,1495,3210,3185
6833,60,1420,3559,3500
6833,55,1417,4017,3798
6833,65,1273,3372,3234
6833,25,1096,1869,1864
6833,70,1034,2808,2651
6833,75,960,2633,2469
6833,80,825,1740,1567
6833,20,809,1277,1267
6833,85,357,813,746
6833,15,242,336,335
6833,90,99,318,272
6833,95,20,50,39
6833,10,3,4,4
6826,35,1466,4107,3973
6826,30,1264,2983,2940
6826,45,1205,3709,3599
6826,40,1182,3635,3582
6826,50,1060,3304,3186
6826,25,998,1943,1925
6826,55,936,2862,2769
6826,60,911,2853,2734
6826,65,755,2522,2397
6826,20,688,1027,1018
6826,70,593,1775,1666
6826,75,550,1637,1525
6826,80,435,1242,1114
6826,15,260,323,316
6826,85,206,555,488
6826,90,69,200,171
6826,95,11,43,31
6826,10,5,7,7
6819,45,388,1249,1224
6819,35,368,922,902
6819,40,343,923,911
6819,50,340,1085,1051
6819,60,335,1008,977
6819,30,319,699,688
6819,55,309,937,909
6819,65,260,790,738
6819,25,258,457,453
6819,70,193,593,553
6819,75,170,429,405
6819,80,165,427,376
6819,20,157,244,243
6819,85,66,205,180
6819,15,47,56,56
6819,90,29,85,73
6819,95,8,24,22
6812,45,56,171,169
6812,35,55,179,179
6812,30,48,114,113
6812,40,47,167,163
6812,25,42,91,90
6812,50,40,126,126
6812,60,32,130,127
6812,20,32,41,41
6812,65,30,110,101
6812,55,30,95,93
6812,70,22,80,74
6812,75,17,76,67
6812,80,13,47,44
6812,15,10,10,10
6812,90,3,12,9
6812,85,2,10,9
6805,35,13421,34617,34015
6805,30,12184,27314,26684
6805,40,11624,33448,32765
6805,45,10237,31673,30817
6805,25,8812,16950,16733
6805,50,8325,25863,24985
6805,55,7275,23807,22892
6805,60,6621,21373,20422
6805,20,6486,10094,10059
6805,65,5091,15944,15029
6805,70,3877,11783,11013
6805,75,3022,8937,8114
6805,15,2283,2733,2724
6805,80,2139,6466,5635
6805,85,1108,3391,2891
6805,90,350,1195,1066
6805,95,134,263,249
6805,10,28,39,39
6798,30,279,673,658
6798,35,277,776,762
6798,50,247,769,752
6798,40,245,713,701
6798,45,228,700,679
6798,25,222,442,438
6798,55,207,645,627
6798,60,198,627,609
6798,20,179,277,275
6798,65,152,472,451
6798,70,118,383,352
6798,75,109,362,335
6798,80,105,392,364
6798,85,45,164,147
6798,15,44,51,51
6798,90,20,65,57
6798,95,2,9,7
6798,10,1,1,1
6791,40,3551,9919,9794
6791,30,3483,7211,7138
6791,35,3480,8479,8373
6791,45,3155,9037,8851
6791,50,3028,8984,8810
6791,55,2934,9041,8758
6791,60,2889,8711,8315
6791,25,2557,4644,4612
6791,65,2412,6828,6548
6791,70,1841,5293,4988
6791,75,1674,4571,4275
6791,20,1360,2087,2087
6791,80,1144,3386,3105
6791,85,696,1867,1667
6791,15,382,433,425
6791,90,278,693,625
6791,95,67,176,157
6791,10,1,3,3
6784,30,307,705,686
6784,35,276,795,785
6784,45,260,881,856
6784,40,259,862,840
6784,50,241,781,759
6784,25,234,477,468
6784,55,217,719,697
6784,60,204,633,619
6784,20,202,303,300
6784,65,182,573,549
6784,70,153,461,425
6784,75,110,343,312
6784,80,83,243,224
6784,15,70,90,88
6784,85,38,144,117
6784,90,22,76,68
6784,95,4,15,11
6784,10,1,1,1
6778,30,2021,5174,5061
6778,35,1905,5794,5651
6778,25,1712,3687,3624
6778,40,1593,5298,5167
6778,45,1393,4979,4823
6778,50,1209,4518,4326
6778,20,1180,1976,1944
6778,55,1146,4068,3914
6778,60,902,3172,3031
6778,65,672,2269,2129
6778,70,547,1749,1651
6778,15,446,560,549
6778,75,417,1364,1254
6778,80,306,988,864
6778,85,172,516,464
6778,90,67,225,182
6778,10,11,14,13
6778,95,10,28,24
6770,30,1863,4534,4459
6770,35,1707,5067,4946
6770,40,1599,5388,5265
6770,25,1526,3171,3118
6770,50,1490,5091,4909
6770,45,1471,5194,5041
6770,55,1261,4285,4102
6770,20,1240,2078,2035
6770,60,1070,3432,3260
6770,65,866,2623,2500
6770,70,724,2194,2042
6770,75,588,1721,1600
6770,15,525,630,619
6770,80,466,1335,1193
6770,85,301,906,799
6770,90,102,290,248
6770,95,28,88,70
6770,10,6,7,7
6763,30,4347,9576,9448
6763,40,4140,12127,11821
6763,35,3978,10098,10014
6763,45,3902,12075,11782
6763,50,3675,11547,11175
6763,55,3662,11215,10872
6763,25,3457,6585,6459
6763,60,3230,9887,9360
6763,65,2673,8025,7611
6763,20,2469,3744,3707
6763,70,2293,7012,6523
6763,75,1759,5051,4666
6763,80,1116,3579,3209
6763,85,621,1564,1399
6763,15,565,705,692
6763,90,203,568,501
6763,95,37,117,108
6763,10,17,17,17
6760,35,8564,22991,21979
6760,40,8244,25456,24471
6760,30,7715,17197,16851
6760,50,6924,23107,22051
6760,45,6850,21323,20613
6760,25,6390,11471,11327
6760,55,6104,20641,19854
6760,60,5585,17090,16339
6760,20,4687,7126,7028
6760,65,4076,12408,11688
6760,70,2976,8831,8325
6760,75,2471,7307,6511
6760,80,1672,5298,4766
6760,15,1375,1610,1567
6760,85,921,2662,2322
6760,90,311,1000,840
6760,95,48,93,75
6760,10,43,65,65
6756,45,8585,23172,22446
6756,50,8308,22281,21890
6756,35,8115,18218,17657
6756,55,7918,22697,22158
6756,60,7759,21013,20122
6756,40,7745,19321,18912
6756,30,7649,14138,13980
6756,65,6224,16702,16045
6756,70,5240,13969,13510
6756,75,4391,11174,10620
6756,80,4170,10468,9450
6756,25,3911,6634,6578
6756,20,3001,4257,4209
6756,85,1882,4511,4134
6756,90,865,1770,1562
6756,15,708,843,829
6756,95,205,559,447
6756,10,11,12,12
6749,30,4928,11091,10606
6749,40,4640,13510,13121
6749,35,4342,10573,10412
6749,45,4232,12335,12023
6749,50,4132,12986,12670
6749,25,4000,6876,6819
6749,55,3868,12463,11988
6749,60,3334,9939,9642
6749,65,2724,8104,7644
6749,20,2692,4186,4071
6749,70,2302,7102,6612
6749,75,2056,5420,5021
6749,80,1508,3840,3574
6749,15,997,1213,1187
6749,85,738,1939,1784
6749,90,271,963,697
6749,10,119,131,131
6749,95,56,121,110
6742,35,270,692,684
6742,30,244,507,502
6742,55,241,748,732
6742,45,236,669,661
6742,40,225,593,582
6742,50,211,699,677
6742,60,192,538,522
6742,25,168,326,325
6742,70,160,426,402
6742,65,152,416,393
6742,20,122,189,187
6742,75,105,293,273
6742,80,90,292,273
6742,85,50,165,147
6742,15,49,58,56
6742,90,13,33,28
6742,95,3,10,8
6742,10,1,2,2
6735,30,672,1553,1535
6735,35,666,1733,1718
6735,40,634,1897,1851
6735,45,623,1892,1846
6735,50,587,1808,1763
6735,55,513,1671,1606
6735,25,500,963,952
6735,60,491,1479,1431
6735,65,363,1075,1024
6735,20,348,531,525
6735,70,338,967,907
6735,75,282,791,745
6735,80,218,559,505
6735,15,142,175,171
6735,85,135,287,252
6735,90,52,175,145
6735,95,10,40,31
6735,10,5,6,6
6728,30,682,1657,1636
6728,25,609,1235,1221
6728,45,608,2023,1977
6728,35,604,1714,1693
6728,40,598,1990,1925
6728,50,496,1570,1505
6728,55,466,1518,1459
6728,20,445,706,701
6728,60,396,1307,1260
6728,65,338,1099,1045
6728,70,307,976,897
6728,75,250,713,653
6728,80,208,603,547
6728,15,150,186,183
6728,85,113,357,320
6728,90,41,106,81
6728,95,13,47,41
6728,10,2,2,2
6721,35,272,673,669
6721,45,261,764,750
6721,30,260,582,577
6721,40,238,702,691
6721,50,232,722,708
6721,25,205,371,368
6721,55,201,608,594
6721,60,194,583,559
6721,65,181,584,542
6721,70,146,452,421
6721,75,132,404,379
6721,20,121,174,174
6721,80,77,217,185
6721,85,49,156,131
6721,15,32,36,36
6721,90,15,55,45
6721,95,7,19,17
6721,10,1,2,2
6714,35,956,2618,2561
6714,30,945,2286,2242
6714,40,844,2542,2479
6714,45,831,2476,2416
6714,55,798,2358,2272
6714,50,788,2390,2299
6714,25,772,1528,1505
6714,60,670,1866,1798
6714,20,585,931,918
6714,70,535,1488,1383
6714,65,535,1494,1409
6714,75,452,1225,1112
6714,80,341,922,828
6714,15,224,280,274
6714,85,192,524,447
6714,90,68,164,142
6714,95,14,42,31
6714,10,3,4,4
6707,35,953,2618,2582
6707,30,913,2095,2072
6707,40,854,2552,2486
6707,45,822,2402,2358
6707,50,801,2356,2294
6707,55,750,2259,2186
6707,25,738,1344,1326
6707,60,725,2038,1974
6707,65,658,1728,1642
6707,70,562,1467,1385
6707,75,456,1232,1164
6707,20,448,634,630
6707,80,358,945,857
6707,85,223,618,556
6707,15,152,193,185
6707,90,79,229,206
6707,95,26,100,86
6707,10,1,2,2
6700,45,605,1689,1644
6700,35,584,1430,1417
6700,40,578,1531,1494
6700,30,558,1220,1203
6700,50,532,1587,1542
6700,60,501,1405,1355
6700,55,472,1376,1321
6700,25,436,799,789
6700,65,426,1187,1120
6700,70,371,1075,992
6700,75,338,938,858
6700,20,237,331,323
6700,80,231,632,566
6700,85,118,317,273
6700,15,69,84,83
6700,90,46,154,135
6700,95,10,38,25
6700,10,1,2,2
6693,30,371,879,866
6693,35,347,916,899
6693,25,320,617,610
6693,40,311,980,968
6693,45,300,916,902
6693,50,294,895,877
6693,60,274,783,739
6693,55,272,763,735
6693,70,210,552,515
6693,20,206,292,288
6693,65,199,542,523
6693,75,177,458,424
6693,80,126,350,311
6693,85,73,205,186
6693,15,65,76,76
6693,90,20,57,47
6693,95,5,10,8
6686,40,666,1982,1927
6686,30,645,1458,1421
6686,45,622,1876,1831
6686,35,621,1634,1608
6686,50,591,1742,1688
6686,60,578,1594,1542
6686,55,566,1626,1573
6686,25,534,1070,1058
6686,65,490,1318,1248
6686,70,399,1027,970
6686,75,396,1019,936
6686,20,373,564,557
6686,80,279,676,602
6686,85,158,398,344
6686,15,141,176,172
6686,90,57,156,123
6686,95,19,51,43
6686,10,3,5,5
6679,30,491,1308,1274
6679,35,462,1499,1464
6679,40,456,1520,1465
6679,50,453,1401,1360
6679,45,450,1484,1432
6679,25,434,908,890
6679,55,356,1135,1095
6679,60,347,1122,1062
6679,20,325,518,511
6679,65,257,818,770
6679,70,227,675,625
6679,75,164,543,479
6679,80,102,335,297
6679,15,98,115,111
6679,85,71,252,211
6679,90,20,59,54
6679,95,10,32,24
6679,10,3,3,3
6672,35,485,1319,1291
6672,30,437,1030,1015
6672,50,408,1255,1222
6672,45,393,1241,1217
6672,40,393,1242,1224
6672,25,350,634,625
6672,60,347,1116,1057
6672,55,345,1058,1019
6672,65,338,1040,980
6672,70,243,772,730
6672,20,236,314,310
6672,75,212,649,591
6672,80,156,540,468
6672,85,101,331,284
6672,15,79,98,98
6672,90,39,132,109
6672,95,9,42,38
6672,10,3,3,3
6665,30,1020,2530,2486
6665,35,1001,2798,2759
6665,25,864,1669,1636
6665,40,840,2708,2643
6665,45,822,2704,2632
6665,50,782,2652,2564
6665,55,762,2538,2462
6665,20,645,1017,1006
6665,60,620,1957,1882
6665,65,531,1542,1480
6665,70,449,1279,1193
6665,75,336,908,837
6665,80,286,828,756
6665,15,213,249,248
6665,85,118,370,322
6665,90,33,127,103
6665,95,21,78,63
6665,10,1,1,1
6658,30,17887,39634,38878
6658,35,16432,43319,42503
6658,40,15782,45176,43908
6658,45,14316,41953,40759
6658,50,14170,43077,41750
6658,55,13966,44070,42341
6658,25,13632,26002,25679
6658,60,12039,36487,34745
6658,65,10132,29779,28472
6658,20,9933,15110,14899
6658,70,8003,22289,20847
6658,75,7186,18707,17304
6658,80,5013,12766,11427
6658,15,3222,3926,3825
6658,85,2673,6867,5953
6658,90,899,2838,2248
6658,95,192,670,518
6658,10,62,102,102
6655,35,285,770,740
6655,30,284,646,632
6655,40,254,693,677
6655,45,252,786,733
6655,50,244,756,716
6655,60,218,675,641
6655,25,216,412,401
6655,65,210,583,552
6655,55,206,650,627
6655,70,185,518,494
6655,75,150,399,372
6655,20,124,194,191
6655,80,100,263,240
6655,85,55,165,132
6655,15,35,45,43
6655,90,17,42,35
6655,95,9,28,27
6655,10,1,1,1
6651,45,499,1330,1308
6651,50,454,1177,1160
6651,60,444,1114,1079
6651,40,439,1186,1155
6651,35,432,1046,1030
6651,55,427,1093,1072
6651,65,412,1050,993
6651,30,403,791,783
6651,70,357,961,906
6651,75,296,821,764
6651,25,262,451,451
6651,80,220,646,597
6651,20,138,201,200
6651,85,110,292,263
6651,15,39,48,47
6651,90,33,84,75
6651,95,8,36,22
6651,10,1,1,1
6648,30,2885,7894,7761
6648,35,2653,8641,8340
6648,25,2587,5216,5003
6648,20,2145,3483,3453
6648,45,1912,7408,7223
6648,40,1746,6136,5970
6648,50,1687,6372,6002
6648,55,1353,5969,5679
6648,60,977,3608,3458
6648,65,877,3439,3287
6648,15,659,928,877
6648,70,551,1592,1522
6648,75,334,1104,974
6648,80,316,1084,899
6648,85,178,729,608
6648,90,56,167,149
6648,95,11,88,88
6644,30,912,1906,1876
6644,35,819,2041,2004
6644,40,695,1926,1896
6644,45,662,1955,1907
6644,25,644,1169,1160
6644,50,590,1728,1692
6644,55,563,1729,1658
6644,60,463,1320,1278
6644,20,454,671,664
6644,65,377,1045,1003
6644,70,275,759,729
6644,75,201,521,488
6644,80,125,308,270
6644,15,125,153,151
6644,85,81,240,216
6644,90,27,88,77
6644,95,7,13,10
6638,30,10248,25867,25025
6638,35,9709,28023,27516
6638,40,8756,27812,27174
6638,25,8279,16937,16596
6638,45,7398,24546,23908
6638,50,6448,23227,22612
6638,20,5937,9487,9343
6638,55,5079,19399,18734
6638,60,3969,14173,13637
6638,65,2849,9878,9283
6638,15,2172,2798,2748
6638,70,2170,7667,7046
6638,75,1863,6499,5853
6638,80,935,3011,2679
6638,85,455,1400,1168
6638,90,198,672,592
6638,10,72,98,98
6638,95,55,123,111
6630,40,124,353,348
6630,25,99,183,182
6630,35,97,257,251
6630,30,97,236,231
6630,45,90,287,277
6630,50,85,289,283
6630,55,69,245,234
6630,60,65,208,200
6630,20,53,80,78
6630,65,48,170,155
6630,70,42,115,111
6630,75,41,124,118
6630,80,29,91,83
6630,15,29,34,31
6630,85,14,43,36
6630,90,3,16,13
6630,95,1,3,2
6630,10,1,2,2
6623,45,3324,10129,9932
6623,35,3190,8272,8217
6623,40,2982,8546,8392
6623,55,2827,8032,7807
6623,25,2734,4431,4382
6623,30,2465,5825,5696
6623,50,2251,7227,7118
6623,60,2192,5809,5531
6623,65,2085,5151,4927
6623,70,1835,4452,4156
6623,75,1597,4008,3735
6623,20,1358,2005,1983
6623,85,1119,2781,2287
6623,80,1116,2767,2426
6623,15,404,533,519
6623,90,249,776,681
6623,95,161,360,218
6623,10,1,1,1
6616,35,178,499,491
6616,30,175,390,388
6616,40,168,535,523
6616,45,164,501,491
6616,50,152,454,432
6616,55,143,415,404
6616,60,140,413,397
6616,65,130,391,370
6616,25,128,256,252
6616,20,104,157,155
6616,70,94,290,266
6616,75,63,170,155
6616,80,58,169,155
6616,15,29,30,30
6616,85,27,74,68
6616,90,11,25,23
6616,95,5,19,18
6609,35,1265,3516,3475
6609,30,1146,2674,2633
6609,45,1100,3407,3297
6609,40,1036,3135,3084
6609,55,984,3066,2960
6609,50,960,2926,2837
6609,60,948,2775,2670
6609,25,901,1745,1720
6609,65,827,2352,2245
6609,70,675,1944,1825
6609,20,644,983,967
6609,75,577,1649,1514
6609,80,422,1255,1133
6609,85,247,726,657
6609,15,243,289,282
6609,90,88,301,269
6609,95,19,84,57
6609,10,4,4,4
6602,35,975,2722,2657
6602,30,926,2146,2098
6602,40,850,2639,2571
6602,45,779,2600,2507
6602,50,732,2388,2307
6602,25,669,1307,1286
6602,55,665,2193,2087
6602,60,638,1938,1861
6602,65,500,1566,1479
6602,20,493,745,724
6602,70,416,1339,1224
6602,75,354,1084,992
6602,80,251,772,675
6602,85,149,486,409
6602,15,148,179,173
6602,90,50,176,135
6602,95,13,47,39
6602,10,8,9,9
6595,35,3184,8332,8166
6595,30,3149,7229,7127
6595,40,3099,9061,8817
6595,45,2977,9261,8958
6595,50,2954,8676,8412
6595,60,2614,7489,7227
6595,55,2578,8111,7806
6595,25,2492,4880,4820
6595,65,2008,6054,5808
6595,70,1763,5243,4904
6595,20,1600,2521,2483
6595,75,1532,4233,3956
6595,80,996,2711,2456
6595,85,526,1601,1440
6595,15,521,615,611
6595,90,189,532,473
6595,95,40,97,73
6595,10,10,15,15
6588,30,1409,3152,3097
6588,35,1401,3703,3644
6588,45,1359,4083,4000
6588,40,1302,3855,3786
6588,50,1201,3642,3554
6588,55,1126,3355,3207
6588,60,1080,3157,3035
6588,25,1000,1928,1895
6588,65,999,2869,2744
6588,70,863,2345,2235
6588,75,716,1871,1749
6588,20,663,1004,990
6588,80,507,1385,1261
6588,85,301,823,748
6588,15,283,334,330
6588,90,119,323,266
6588,95,33,106,82
6588,10,6,8,8
6581,45,2708,8338,8016
6581,35,2700,7193,7083
6581,30,2631,5940,5857
6581,40,2627,7429,7221
6581,50,2479,7778,7376
6581,55,2187,6429,6218
6581,60,2113,6144,5945
6581,65,2040,5793,5569
6581,25,1798,3589,3535
6581,70,1686,4623,4337
6581,75,1441,3658,3321
6581,20,1384,2040,2017
6581,80,926,2207,2066
6581,85,571,1492,1246
6581,15,399,448,438
6581,90,181,462,403
6581,95,64,253,207
6581,10,9,9,9
6574,30,486,1203,1176
6574,45,479,1649,1595
6574,35,443,1310,1267
6574,40,434,1465,1418
6574,25,407,870,847
6574,50,395,1367,1308
6574,55,352,1192,1152
6574,60,333,1112,1043
6574,20,320,509,503
6574,65,254,786,738
6574,70,202,716,661
6574,75,190,622,559
6574,80,137,445,398
6574,15,121,151,150
6574,85,104,308,264
6574,90,32,129,105
6574,95,8,26,19
6574,10,3,4,3
6568,55,9514,28347,26875
6568,30,9051,17216,16944
6568,45,8813,22564,21857
6568,40,8651,21801,21210
6568,50,8226,22207,21646
6568,35,8056,19103,18594
6568,60,7886,22396,21415
6568,65,6945,18795,17789
6568,25,6546,11256,11101
6568,70,6273,18227,17044
6568,75,4759,13088,11872
6568,80,4429,11501,10273
6568,20,3504,5138,4992
6568,85,2883,7129,6412
6568,15,1093,1371,1335
6568,90,524,1236,1038
6568,95,94,215,171
6568,10,51,62,57
6560,35,14761,44172,43343
6560,30,14421,35107,34505
6560,25,13806,27389,27008
6560,40,11362,36085,35434
6560,45,10823,38819,37673
6560,20,10373,15920,15786
6560,50,9674,33632,32466
6560,55,8625,30742,29232
6560,60,7273,27718,24612
6560,65,5501,18709,17596
6560,70,3773,11906,10759
6560,15,3372,3989,3944
6560,75,2666,8603,7453
6560,80,2171,7606,6936
6560,85,815,3279,2834
6560,90,319,958,863
6560,10,73,87,87
6560,95,24,102,67
6553,30,208,442,436
6553,35,190,509,504
6553,60,172,487,474
6553,50,169,545,532
6553,55,166,556,535
6553,40,152,468,459
6553,65,141,404,395
6553,45,141,435,428
6553,25,135,267,267
6553,70,94,261,249
6553,20,84,126,122
6553,75,72,223,193
6553,15,49,62,62
6553,80,48,103,93
6553,85,32,88,68
6553,90,7,16,14
6553,95,1,5,5
6547,30,644,1505,1474
6547,35,620,1637,1614
6547,40,540,1655,1619
6547,25,531,1118,1107
6547,45,498,1622,1594
6547,50,462,1511,1465
6547,55,460,1451,1378
6547,60,386,1217,1167
6547,20,358,539,535
6547,65,308,919,887
6547,70,273,815,758
6547,75,212,619,563
6547,80,153,421,359
6547,15,132,152,149
6547,85,85,239,212
6547,90,55,149,119
6547,95,13,59,43
6539,30,17417,41828,41046
6539,35,15238,43275,42325
6539,25,14830,28200,27844
6539,40,14300,45239,43773
6539,45,13887,47546,46051
6539,50,12043,42083,40333
6539,55,11495,40855,39523
6539,20,10435,15659,15475
6539,60,9555,32453,30873
6539,65,7234,24758,23056
6539,70,5543,19016,17726
6539,75,3632,11563,10790
6539,15,3200,3878,3816
6539,80,2959,9544,8589
6539,85,1272,4062,3455
6539,90,489,1939,1591
6539,95,110,235,215
6539,10,88,108,108
6532,50,1771,5407,5253
6532,30,1748,3927,3868
6532,35,1724,4620,4311
6532,40,1668,5148,5050
6532,45,1540,4876,4719
6532,55,1507,4621,4448
6532,25,1446,2569,2544
6532,60,1321,4102,3931
6532,65,960,3075,2854
6532,20,943,1395,1366
6532,75,879,2388,2249
6532,70,851,2463,2396
6532,80,689,1725,1587
6532,15,318,375,374
6532,85,306,940,822
6532,90,96,252,204
6532,95,63,254,168
6532,10,4,6,6
6525,35,1642,5163,5019
6525,30,1596,4127,4056
6525,25,1511,3128,3084
6525,40,1403,4882,4756
6525,45,1299,4739,4613
6525,20,1248,2019,1990
6525,50,1075,3881,3766
6525,55,896,3309,3141
6525,60,788,2853,2717
6525,65,604,2088,1972
6525,70,435,1394,1254
6525,75,347,1180,1081
6525,15,339,404,400
6525,80,237,754,662
6525,85,123,396,343
6525,90,27,76,69
6525,95,19,60,47
6525,10,6,7,7
6518,35,635,1693,1671
6518,30,609,1427,1410
6518,40,571,1645,1593
6518,50,535,1725,1667
6518,45,505,1621,1593
6518,60,499,1599,1539
6518,55,496,1660,1606
6518,25,492,884,875
6518,65,416,1315,1251
6518,70,347,1018,974
6518,20,287,448,445
6518,75,284,870,816
6518,80,164,462,411
6518,85,84,247,208
6518,15,74,89,89
6518,90,33,115,99
6518,95,9,29,23
6518,10,2,2,2
6515,30,10897,24847,24244
6515,35,9920,27843,27284
6515,25,8858,16807,16695
6515,40,8815,27564,26726
6515,45,8101,27870,27009
6515,50,7102,24151,23325
6515,55,6933,23717,22769
6515,20,6583,9877,9758
6515,60,6145,21253,20315
6515,65,4521,15675,14624
6515,70,3213,11374,10381
6515,75,2562,8503,7670
6515,15,1941,2376,2317
6515,80,1797,6490,5976
6515,85,746,2153,1891
6515,90,235,873,733
6515,95,118,716,551
6515,10,43,53,52
6511,35,292,780,775
6511,40,291,863,839
6511,45,287,849,818
6511,30,273,628,624
6511,55,256,777,756
6511,25,249,464,460
6511,60,248,746,721
6511,50,248,758,735
6511,65,221,683,649
6511,20,161,239,235
6511,70,144,497,460
6511,75,141,443,412
6511,80,107,359,321
6511,85,67,213,190
6511,15,56,63,63
6511,90,25,75,64
6511,95,6,30,24
6505,30,559,1367,1344
6505,35,482,1350,1326
6505,25,446,904,897
6505,40,417,1338,1312
6505,50,381,1225,1198
6505,45,355,1175,1138
6505,55,349,1202,1147
6505,20,319,499,493
6505,60,306,1042,998
6505,65,262,805,764
6505,70,197,604,562
6505,75,184,517,467
6505,80,132,369,339
6505,15,100,121,118
6505,85,89,214,185
6505,90,22,56,47
6505,95,7,13,10
6497,30,3068,6884,6689
6497,35,2962,8287,8067
6497,40,2869,8076,7874
6497,45,2736,9017,8656
6497,50,2468,8303,8005
6497,55,2336,6846,6605
6497,25,2327,4436,4352
6497,60,2200,6914,6615
6497,65,1919,6007,5744
6497,20,1743,2866,2778
6497,70,1391,4208,3993
6497,75,1307,3860,3532
6497,80,830,2417,2047
6497,15,541,659,648
6497,85,466,1344,1237
6497,90,188,531,466
6497,95,62,164,124
6497,10,11,20,20
6490,30,18189,40035,39188
6490,35,17878,45692,44518
6490,40,16710,47878,47006
6490,50,15862,49441,47428
6490,45,15475,48130,46524
6490,25,15169,27945,27630
6490,55,14003,44192,42652
6490,60,13279,42279,39687
6490,65,11446,33650,31744
6490,20,11433,17774,17495
6490,70,9346,26609,25180
6490,75,7234,20517,18648
6490,80,4916,13354,12049
6490,15,3237,3950,3897
6490,85,2406,6368,5619
6490,90,766,2010,1647
6490,95,200,749,623
6490,10,111,181,181
6483,30,1097,2627,2579
6483,35,999,2637,2589
6483,45,956,2939,2884
6483,40,917,2750,2699
6483,50,880,2695,2617
6483,55,849,2523,2469
6483,25,785,1537,1521
6483,60,750,2354,2249
6483,65,695,1961,1863
6483,20,636,980,963
6483,70,569,1529,1438
6483,75,474,1226,1139
6483,80,349,969,872
6483,15,205,248,241
6483,85,201,507,441
6483,90,74,209,174
6483,95,16,42,30
6483,10,12,14,14
6476,45,521,1638,1583
6476,40,492,1506,1458
6476,35,482,1343,1293
6476,30,459,1058,1040
6476,50,444,1418,1363
6476,55,381,1188,1148
6476,25,376,718,709
6476,60,373,1198,1143
6476,65,304,941,888
6476,70,281,842,794
6476,20,273,408,397
6476,75,260,771,706
6476,80,191,564,509
6476,85,104,357,319
6476,15,89,100,99
6476,90,44,148,131
6476,95,14,52,34
6476,10,4,7,7
6469,30,1220,2788,2729
6469,35,1206,3206,3141
6469,40,1203,3548,3433
6469,45,1153,3406,3346
6469,50,1090,3251,3139
6469,60,1025,2957,2823
6469,55,1014,2945,2861
6469,25,909,1751,1733
6469,65,846,2443,2335
6469,70,710,1984,1883
6469,75,617,1794,1661
6469,20,574,856,843
6469,80,466,1292,1190
6469,85,289,847,744
6469,15,175,212,209
6469,90,105,274,233
6469,95,32,83,75
6469,10,3,3,3
6462,30,496,1245,1228
6462,35,465,1407,1378
6462,45,435,1389,1358
6462,55,414,1354,1287
6462,25,405,857,848
6462,40,392,1269,1237
6462,60,382,1212,1142
6462,50,367,1208,1158
6462,65,355,1092,1047
6462,70,318,881,815
6462,75,265,691,617
6462,20,265,392,387
6462,80,189,542,482
6462,15,96,114,109
6462,85,92,248,209
6462,90,49,154,126
6462,95,14,60,50
6462,10,2,3,3
6455,45,710,2053,2009
6455,30,673,1497,1478
6455,35,672,1812,1781
6455,40,633,1784,1758
6455,50,632,1798,1739
6455,55,607,1773,1712
6455,60,574,1596,1519
6455,25,502,941,930
6455,65,494,1392,1320
6455,70,420,1121,1063
6455,75,352,991,909
6455,20,351,515,509
6455,80,284,803,717
6455,85,176,532,466
6455,15,147,173,171
6455,90,67,177,154
6455,95,9,21,17
6455,10,5,13,13
6448,30,322,814,798
6448,40,292,922,896
6448,45,288,1017,996
6448,25,268,572,565
6448,35,259,709,697
6448,50,246,866,844
6448,55,231,818,773
6448,60,221,767,742
6448,65,210,678,644
6448,20,153,227,224
6448,70,152,555,515
6448,75,117,401,361
6448,80,95,307,278
6448,15,59,74,74
6448,85,49,180,165
6448,90,14,52,47
6448,95,3,16,12
6441,35,19136,47454,46789
6441,30,17755,38553,37685
6441,40,16765,46419,45615
6441,45,15784,45140,44291
6441,50,15460,45336,44246
6441,55,14612,43418,41907
6441,60,13071,38438,37059
6441,25,12784,24730,24417
6441,65,10901,31300,29832
6441,70,8915,24602,23225
6441,20,8154,12464,12176
6441,75,7753,19825,18493
6441,80,6055,15555,14359
6441,85,3433,8515,7535
6441,15,2838,3347,3304
6441,90,1243,2896,2541
6441,95,351,941,720
6441,10,115,233,233
6434,35,13106,30699,30152
6434,45,12897,33575,33045
6434,30,12871,25821,25307
6434,55,12699,34654,33552
6434,50,12066,32415,31624
6434,40,11997,30795,30090
6434,60,10822,28880,27702
6434,25,9443,15978,15781
6434,65,8938,23232,22119
6434,70,8225,20575,19280
6434,75,7306,17798,16406
6434,80,5782,13249,11905
6434,20,5305,7729,7614
6434,85,2669,6533,5615
6434,15,1787,2145,2059
6434,90,996,2375,2101
6434,95,159,347,287
6434,10,44,49,49
6427,30,56487,131210,128783
6427,35,54513,150519,147364
6427,40,49091,151241,148468
6427,25,46718,89007,88040
6427,45,44852,144754,141231
6427,50,41270,137763,132954
6427,55,37026,123438,118860
6427,20,33593,51048,50571
6427,60,32608,104591,99637
6427,65,25171,80128,75830
6427,70,19728,60640,56924
6427,75,15044,44181,40121
6427,80,10999,31910,29040
6427,15,10263,12250,12098
6427,85,5694,17839,15686
6427,90,1636,5433,4509
6427,95,397,1520,1188
6427,10,239,270,270
6420,30,2040,4682,4604
6420,35,2036,5482,5406
6420,40,1843,5421,5288
6420,45,1835,5804,5659
6420,50,1820,5646,5477
6420,55,1810,5593,5403
6420,60,1700,4812,4658
6420,25,1532,3004,2961
6420,65,1474,4235,4015
6420,70,1203,3185,3012
6420,20,1147,1738,1719
6420,75,883,2366,2180
6420,80,527,1289,1162
6420,15,414,500,495
6420,85,214,566,496
6420,90,65,204,176
6420,95,19,49,41
6420,10,15,29,29
6413,30,2674,5449,5428
6413,40,2522,6936,6842
6413,50,2451,6931,6780
6413,35,2352,6168,6021
6413,45,2253,6517,6388
6413,60,2152,5477,5297
6413,55,2142,6288,6117
6413,65,1907,4972,4777
6413,25,1821,3397,3384
6413,75,1736,4339,4112
6413,70,1429,3501,3400
6413,20,1094,1692,1630
6413,80,1076,2296,2159
6413,85,540,1134,1034
6413,15,534,674,674
6413,90,159,311,288
6413,95,71,299,227
6413,10,21,31,31
6412,30,8536,20958,20726
6412,25,8098,16497,16301
6412,35,7754,23174,22864
6412,40,7183,24811,24131
6412,45,6314,22127,21404
6412,20,5978,9451,9294
6412,50,5928,22485,21671
6412,55,5140,18962,18120
6412,60,4629,16151,15570
6412,65,3420,11887,11195
6412,70,2342,8744,8095
6412,15,2180,2668,2607
6412,75,1619,5523,4987
6412,80,1140,3998,3500
6412,85,538,1942,1618
6412,90,140,432,330
6412,10,61,71,71
6412,95,10,20,0
6410,35,5038,11233,11079
6410,40,5036,12937,12729
6410,30,4731,9209,9034
6410,55,4638,13395,12940
6410,50,4512,12378,12142
6410,45,4396,12537,12229
6410,60,4032,11303,10875
6410,65,3052,8479,8207
6410,25,2982,4792,4743
6410,70,2467,7042,6588
6410,75,2109,5600,5069
6410,20,1960,2600,2587
6410,80,1369,3446,3189
6410,85,922,2473,2157
6410,15,504,557,547
6410,90,268,837,739
6410,95,66,151,112
6410,10,45,80,80
6408,30,5415,11125,10940
6408,35,5229,12986,12786
6408,45,5003,15077,14658
6408,40,4807,12590,12296
6408,55,4720,14169,13548
6408,50,4498,13788,13349
6408,60,4146,12113,11694
6408,25,4038,6960,6889
6408,65,3377,9622,9156
6408,70,2782,7889,7229
6408,20,2628,3645,3617
6408,75,2210,6368,5858
6408,80,1603,4328,3884
6408,85,866,2272,2015
6408,15,754,857,857
6408,90,273,742,617
6408,95,76,232,192
6408,10,19,37,37
6406,30,290,685,673
6406,35,281,807,788
6406,40,250,794,783
6406,45,244,703,689
6406,50,242,768,744
6406,55,235,690,670
6406,60,224,674,643
6406,25,212,437,433
6406,65,199,567,545
6406,70,148,423,394
6406,20,128,197,195
6406,75,127,339,318
6406,80,101,322,297
6406,85,59,179,162
6406,15,48,56,55
6406,90,25,64,50
6406,95,9,30,27
6406,10,1,1,1
6399,30,387,941,926
6399,35,330,914,904
6399,45,322,950,925
6399,50,313,860,842
6399,60,307,879,824
6399,40,305,861,840
6399,55,301,949,918
6399,25,255,484,484
6399,65,242,721,688
6399,70,196,604,561
6399,75,178,562,520
6399,80,149,452,404
6399,20,130,202,200
6399,85,70,215,191
6399,15,43,53,53
6399,90,32,86,74
6399,95,6,23,21
6392,30,933,2377,2335
6392,35,888,2692,2626
6392,40,825,2559,2506
6392,45,804,2558,2487
6392,50,788,2471,2405
6392,25,780,1520,1503
6392,55,657,2053,1987
6392,60,649,2085,1980
6392,20,534,845,834
6392,65,517,1547,1479
6392,70,467,1442,1341
6392,75,331,975,888
6392,80,259,756,683
6392,15,168,207,203
6392,85,127,390,338
6392,90,62,189,164
6392,95,8,22,22
6392,10,3,5,5
6385,30,519,1209,1182
6385,40,492,1489,1450
6385,35,477,1287,1264
6385,60,463,1434,1390
6385,45,460,1460,1425
6385,55,438,1344,1292
6385,50,421,1344,1294
6385,25,414,761,752
6385,65,372,1020,949
6385,70,343,986,921
6385,75,268,729,673
6385,20,268,415,411
6385,80,197,502,457
6385,85,110,301,264
6385,15,76,90,90
6385,90,45,165,136
6385,95,18,71,55
6371,35,12764,29256,28871
6371,30,11983,24581,23985
6371,45,11383,30796,29697
6371,40,11216,29180,28745
6371,50,10971,30636,29882
6371,55,10144,28661,27669
6371,60,9844,26081,24819
6371,25,9089,15380,15170
6371,65,7512,20308,19359
6371,70,7087,19256,17926
6371,20,6353,9241,9066
6371,75,5719,15972,14421
6371,80,4405,10583,9558
6371,85,2644,6563,5806
6371,15,1889,2293,2265
6371,90,707,1723,1504
6371,95,140,309,282
6371,10,30,49,49
6364,30,2865,7649,7446
6364,25,2725,5945,5831
6364,35,2581,7824,7668
6364,45,2170,7805,7589
6364,40,2163,7780,7556
6364,20,2046,3063,3033
6364,50,1665,6663,6400
6364,55,1657,6052,5724
6364,60,1293,4386,4207
6364,65,792,2723,2595
6364,70,713,2345,2192
6364,75,681,2427,2152
6364,15,647,745,713
6364,80,426,1322,1133
6364,85,181,529,352
6364,90,84,228,165
6364,10,11,11,11
6364,95,9,18,18
6357,35,17371,43422,42758
6357,40,17164,47360,46159
6357,45,16363,46438,45281
6357,50,16063,46075,44971
6357,30,15738,33533,32794
6357,55,15700,42903,41744
6357,60,15200,42155,40516
6357,65,13115,35453,33565
6357,25,10915,20064,19846
6357,70,9959,26163,24841
6357,75,8306,20753,19343
6357,20,7102,10624,10527
6357,80,6993,16914,15275
6357,85,3957,9486,8320
6357,15,2503,2933,2920
6357,90,1089,2572,2098
6357,95,345,945,761
6357,10,70,90,80
6351,35,351,1044,1020
6351,30,325,738,726
6351,40,318,958,937
6351,55,278,956,918
6351,45,276,834,809
6351,60,268,794,761
6351,25,267,551,547
6351,50,250,848,829
6351,20,200,301,298
6351,70,197,615,573
6351,65,184,572,543
6351,75,144,387,353
6351,80,98,282,255
6351,15,63,81,78
6351,85,60,188,172
6351,90,18,53,45
6351,95,7,24,19
6343,30,341,800,779
6343,35,339,932,911
6343,50,270,917,886
6343,45,269,922,891
6343,25,264,516,505
6343,40,259,861,823
6343,55,255,830,787
6343,60,244,767,741
6343,65,213,624,594
6343,20,193,297,296
6343,75,168,459,420
6343,70,143,443,416
6343,80,111,326,297
6343,85,64,191,180
6343,15,45,56,55
6343,90,26,71,67
6343,95,8,20,19
6343,10,1,2,2
6336,30,134,354,347
6336,40,101,359,345
6336,35,98,285,280
6336,25,97,192,190
6336,45,94,334,327
6336,50,80,288,279
6336,55,75,234,228
6336,20,70,108,106
6336,60,69,247,235
6336,65,49,176,164
6336,70,44,169,161
6336,75,23,95,82
6336,15,20,23,22
6336,80,17,81,64
6336,85,12,42,32
6336,90,4,23,17
6329,35,461,1300,1289
6329,30,424,995,979
6329,25,400,791,777
6329,40,396,1206,1178
6329,45,366,1167,1131
6329,50,355,1244,1188
6329,55,305,963,923
6329,60,284,962,920
6329,20,272,412,401
6329,65,198,601,568
6329,70,193,635,597
6329,75,165,483,441
6329,80,141,404,356
6329,15,67,78,78
6329,85,66,203,174
6329,90,26,91,80
6329,95,5,8,6
6329,10,2,5,5
6322,35,368,988,977
6322,30,315,725,713
6322,40,297,889,868
6322,50,285,935,903
6322,45,276,880,869
6322,25,267,513,506
6322,55,263,896,871
6322,60,239,736,701
6322,65,219,678,649
6322,20,142,215,213
6322,70,137,453,420
6322,75,118,378,342
6322,80,78,265,238
6322,85,46,182,162
6322,15,45,50,50
6322,90,27,105,81
6322,95,11,41,36
6322,10,2,5,5
6315,30,585,1343,1323
6315,40,553,1916,1878
6315,35,542,1620,1588
6315,45,538,1808,1762
6315,25,512,1031,1018
6315,55,467,1506,1448
6315,50,452,1441,1411
6315,60,387,1261,1205
6315,65,364,1199,1142
6315,20,358,566,560
6315,70,304,984,916
6315,75,230,719,670
6315,80,181,635,561
6315,15,143,169,164
6315,85,92,377,328
6315,90,46,146,126
6315,95,8,30,20
6315,10,2,4,4
6308,45,79,257,252
6308,40,76,228,222
6308,35,76,226,222
6308,25,71,135,135
6308,30,65,148,147
6308,50,64,200,196
6308,60,62,215,203
6308,70,53,163,154
6308,65,53,167,161
6308,55,52,156,155
6308,20,50,83,81
6308,75,34,116,106
6308,80,21,74,65
6308,85,14,44,38
6308,90,11,47,36
6308,15,10,11,11
6308,95,5,25,23
6301,35,532,1389,1359
6301,30,515,1162,1131
6301,60,473,1396,1344
6301,55,430,1319,1274
6301,50,430,1329,1279
6301,45,424,1276,1250
6301,40,404,1215,1184
6301,65,394,1035,990
6301,25,375,727,719
6301,70,287,774,702
6301,75,230,622,566
6301,20,220,305,303
6301,80,206,539,474
6301,85,125,331,282
6301,15,71,85,84
6301,90,43,110,94
6301,95,11,39,33
6301,10,2,3,3
6294,30,430,914,902
6294,50,420,1210,1179
6294,45,403,1163,1145
6294,35,396,999,986
6294,40,385,1084,1062
6294,55,382,1031,1010
6294,60,353,982,949
6294,65,343,903,848
6294,25,295,543,534
6294,75,281,730,681
6294,70,272,661,623
6294,80,200,509,452
6294,20,178,262,259
6294,85,103,278,253
6294,15,67,77,74
6294,90,51,162,131
6294,95,8,24,18
6287,35,317,856,841
6287,30,306,705,692
6287,40,268,790,780
6287,45,248,762,752
6287,25,221,443,435
6287,55,216,715,687
6287,50,209,679,656
6287,60,203,684,648
6287,65,177,561,530
6287,70,154,452,431
6287,20,151,222,222
6287,75,105,312,294
6287,80,88,255,233
6287,15,66,71,67
6287,85,47,167,135
6287,90,18,69,59
6287,95,6,29,22
6287,10,1,2,2
6280,35,1207,3381,3322
6280,30,1136,2645,2593
6280,40,1043,3181,3112
6280,45,1030,3207,3133
6280,50,932,3021,2951
6280,55,923,2936,2826
6280,60,908,2742,2642
6280,25,896,1730,1706
6280,65,690,2095,1974
6280,20,603,915,894
6280,70,565,1653,1548
6280,75,492,1364,1267
6280,80,395,1188,1063
6280,15,215,268,260
6280,85,198,539,467
6280,90,58,156,135
6280,95,14,39,32
6280,10,6,10,10
6277,35,283,851,835
6277,45,250,806,780
6277,40,243,781,761
6277,30,238,630,614
6277,25,226,451,448
6277,50,219,772,746
6277,60,201,611,585
6277,55,190,617,596
6277,20,148,224,224
6277,65,140,463,437
6277,70,108,352,331
6277,75,99,324,299
6277,80,87,278,250
6277,15,60,76,76
6277,85,42,131,120
6277,90,13,46,37
6277,95,4,13,8
6277,10,2,3,3
6274,30,13888,36427,35375
6274,35,13660,42261,41242
6274,25,12733,25617,25231
6274,40,11093,38779,37791
6274,20,9958,15585,15380
6274,45,9713,36675,35588
6274,50,8737,32585,31440
6274,55,7482,29230,28066
6274,60,5940,22864,21675
6274,65,4993,18382,17375
6274,15,3583,4426,4357
6274,70,3195,11073,10447
6274,75,2456,8692,7925
6274,80,1409,5447,4813
6274,85,704,2969,2512
6274,90,275,1216,1016
6274,10,149,224,224
6274,95,92,541,408
6270,30,5689,14477,14185
6270,35,5184,15429,15030
6270,25,4950,9967,9719
6270,40,4332,14913,14483
6270,20,3882,5935,5846
6270,45,3811,13765,13312
6270,50,3629,12295,11814
6270,55,2646,9708,9259
6270,60,2187,7831,7355
6270,65,1591,5869,5523
6270,70,1098,3557,3333
6270,15,1096,1369,1369
6270,75,880,3269,2931
6270,80,493,1679,1483
6270,85,415,1617,1411
6270,90,64,146,119
6270,95,20,94,76
6270,10,19,19,19
6266,35,957,2626,2563
6266,30,928,2198,2148
6266,40,828,2588,2506
6266,25,759,1516,1476
6266,45,707,2376,2277
6266,55,605,1987,1902
6266,50,593,2067,1987
6266,20,573,887,874
6266,60,528,1749,1662
6266,65,386,1271,1214
6266,70,304,1010,945
6266,75,228,644,610
6266,15,212,258,256
6266,80,182,484,441
6266,85,85,227,201
6266,90,24,67,56
6266,95,12,34,31
6266,10,7,10,9
6260,35,10357,29528,28834
6260,30,9300,22424,21797
6260,40,8415,25456,24948
6260,25,7896,14676,14454
6260,45,7665,24269,23621
6260,50,6799,23211,22356
6260,20,6452,9510,9430
6260,55,6155,21459,20638
6260,60,5043,16969,16102
6260,65,3577,11723,11147
6260,70,2989,9771,9173
6260,75,2009,6100,5586
6260,15,1736,2157,2146
6260,80,1403,4417,3885
6260,85,897,3112,2690
6260,90,303,970,736
6260,10,34,37,37
6260,95,30,111,83
6252,30,7395,17518,17224
6252,35,6623,19396,18941
6252,40,6405,19633,19289
6252,25,5500,10736,10537
6252,45,5370,18325,17924
6252,50,4878,17682,16808
6252,20,4847,7507,7372
6252,55,3911,13930,13377
6252,60,3670,12229,11595
6252,65,2667,9141,8576
6252,70,1747,6062,5619
6252,15,1456,1799,1797
6252,75,1232,4212,3732
6252,80,846,2719,2374
6252,85,487,1374,1132
6252,90,197,615,507
6252,95,66,171,161
6252,10,13,13,13
6245,30,1916,4793,4618
6245,35,1623,4535,4451
6245,55,1588,4877,4698
6245,40,1461,4498,4432
6245,25,1419,2871,2844
6245,50,1405,4496,4396
6245,45,1313,4249,4143
6245,65,1024,3373,3261
6245,20,989,1734,1716
6245,60,821,2568,2462
6245,70,732,2114,1981
6245,75,637,1921,1843
6245,80,498,1369,1195
6245,15,282,344,333
6245,85,259,869,781
6245,90,43,66,43
6245,95,35,47,37
6238,30,783,1809,1774
6238,40,766,2247,2203
6238,35,766,2011,1969
6238,45,748,2290,2249
6238,50,685,2096,2042
6238,25,653,1237,1225
6238,55,629,1943,1873
6238,60,601,1750,1675
6238,65,551,1598,1524
6238,20,428,616,615
6238,70,423,1335,1252
6238,75,377,1220,1095
6238,80,286,932,838
6238,15,148,171,163
6238,85,144,505,433
6238,90,59,208,172
6238,95,22,78,66
6238,10,4,4,4
6231,30,535,1248,1231
6231,35,485,1372,1346
6231,45,481,1649,1613
6231,25,442,871,870
6231,40,428,1372,1350
6231,50,399,1314,1271
6231,55,388,1267,1211
6231,60,367,1110,1066
6231,65,292,932,882
6231,20,265,390,389
6231,70,263,815,776
6231,75,155,507,471
6231,80,124,468,419
6231,15,100,119,118
6231,85,88,320,264
6231,90,39,135,120
6231,10,4,4,4
6231,95,3,7,7
6224,50,1871,5404,5323
6224,30,1833,3804,3729
6224,35,1750,4868,4696
6224,45,1707,4573,4449
6224,40,1654,4471,4396
6224,65,1609,4301,4152
6224,60,1596,4129,4031
6224,55,1473,4091,3965
6224,25,1445,2805,2732
6224,75,1099,3046,2851
6224,70,1081,2697,2516
6224,20,859,1236,1196
6224,80,689,1799,1614
6224,85,497,1246,1165
6224,15,409,498,477
6224,95,54,127,126
6224,90,41,93,76
6224,10,1,1,1
6217,30,1274,2985,2905
6217,35,1257,3452,3354
6217,40,1088,3318,3180
6217,45,1055,3349,3203
6217,50,1051,3516,3385
6217,25,1044,2011,1978
6217,55,995,3362,3210
6217,60,923,2856,2745
6217,65,737,2278,2162
6217,20,662,1003,987
6217,70,622,1929,1810
6217,75,501,1463,1336
6217,80,378,1077,971
6217,15,230,279,271
6217,85,198,551,491
6217,90,65,181,151
6217,95,17,56,43
6217,10,8,13,13
6210,30,1557,3472,3432
6210,35,1425,3628,3571
6210,45,1309,3832,3754
6210,55,1245,3582,3471
6210,40,1232,3468,3382
6210,50,1191,3461,3357
6210,60,1124,3046,2941
6210,25,1069,2007,1993
6210,65,998,2744,2646
6210,70,871,2271,2110
6210,75,757,1862,1723
6210,20,693,1056,1049
6210,80,538,1360,1218
6210,85,341,838,758
6210,15,248,298,293
6210,90,101,297,259
6210,95,22,54,41
6210,10,8,16,16
6203,35,1211,3030,2987
6203,40,1105,3070,3024
6203,45,1100,3199,3134
6203,50,1062,3165,3097
6203,30,1034,2307,2277
6203,60,948,2865,2753
6203,55,924,2786,2669
6203,65,769,2303,2205
6203,25,751,1349,1341
6203,70,673,1985,1855
6203,75,551,1600,1477
6203,20,487,692,682
6203,80,408,1190,1068
6203,85,208,605,536
6203,15,137,166,163
6203,90,81,275,237
6203,95,14,34,24
6196,40,696,2161,2110
6196,45,655,2112,2062
6196,35,648,1777,1753
6196,55,600,1878,1794
6196,50,598,1947,1879
6196,30,598,1349,1316
6196,60,529,1550,1487
6196,25,492,948,934
6196,65,471,1441,1365
6196,70,358,1126,1063
6196,20,348,518,513
6196,75,337,1010,938
6196,80,260,800,734
6196,15,143,161,158
6196,85,137,415,370
6196,90,64,178,152
6196,95,25,57,50
6196,10,1,1,1
6189,40,462,1365,1334
6189,45,446,1360,1331
6189,60,419,1232,1186
6189,35,416,1091,1065
6189,55,402,1174,1128
6189,50,402,1235,1189
6189,30,399,898,887
6189,65,376,1046,998
6189,25,346,649,643
6189,70,336,875,814
6189,75,260,752,698
6189,80,221,654,588
6189,20,191,293,292
6189,85,123,332,287
6189,15,68,85,84
6189,90,47,137,112
6189,95,6,13,13
6189,10,2,2,2
6182,30,2043,4650,4562
6182,35,1889,4944,4749
6182,60,1675,5250,5047
6182,40,1650,5078,4995
6182,25,1520,2799,2780
6182,45,1477,4441,4299
6182,50,1449,4412,4324
6182,55,1259,4064,3965
6182,65,947,2905,2705
6182,70,911,2304,2162
6182,20,907,1271,1271
6182,75,749,2004,1862
6182,80,440,1091,970
6182,85,327,931,731
6182,15,231,292,292
6182,90,153,347,300
6182,95,19,57,48
6175,45,737,2272,2201
6175,30,706,1654,1625
6175,40,685,2008,1960
6175,35,668,1782,1723
6175,50,628,1875,1812
6175,55,597,1699,1609
6175,25,589,1173,1154
6175,60,514,1507,1444
6175,65,496,1406,1323
6175,20,409,634,626
6175,70,404,1056,990
6175,75,335,908,856
6175,80,251,705,632
6175,15,166,192,189
6175,85,134,367,319
6175,90,49,156,123
6175,95,16,47,40
6175,10,1,2,2
6168,30,257,576,571
6168,35,247,682,658
6168,40,220,600,589
6168,45,211,636,623
6168,25,202,379,378
6168,50,200,653,637
6168,60,179,574,560
6168,55,167,536,508
6168,65,134,402,390
6168,70,122,363,342
6168,20,115,165,162
6168,75,109,377,341
6168,80,83,263,235
6168,85,46,140,126
6168,15,34,39,38
6168,90,14,48,41
6168,95,7,28,25
6168,10,1,1,1
6161,30,471,1064,1053
6161,40,426,1243,1210
6161,35,412,1130,1110
6161,45,390,1184,1150
6161,25,375,703,696
6161,50,356,1136,1103
6161,55,338,1094,1062
6161,60,314,1029,983
6161,65,248,796,750
6161,20,229,337,334
6161,70,216,660,633
6161,75,152,433,404
6161,80,134,399,360
6161,15,103,130,130
6161,85,60,156,144
6161,90,28,87,75
6161,95,3,5,3
6161,10,3,5,5
6154,35,371,1056,1036
6154,30,313,740,733
6154,45,299,961,941
6154,40,297,928,908
6154,60,281,902,873
6154,50,265,902,880
6154,25,263,486,481
6154,55,262,813,776
6154,65,248,738,699
6154,70,231,731,693
6154,20,186,289,286
6154,75,152,479,443
6154,80,100,279,256
6154,85,68,186,160
6154,15,54,63,62
6154,90,36,130,112
6154,95,7,27,23
6154,10,2,5,5
6147,35,712,1950,1914
6147,40,654,1869,1830
6147,45,635,1812,1786
6147,30,588,1389,1366
6147,60,518,1521,1461
6147,55,505,1511,1448
6147,50,502,1448,1409
6147,25,476,974,968
6147,70,407,1194,1123
6147,65,396,1098,1044
6147,20,369,597,586
6147,75,267,704,649
6147,80,248,695,607
6147,15,149,182,177
6147,85,133,365,325
6147,90,55,135,118
6147,95,17,39,33
6147,10,5,6,6
6140,30,448,968,952
6140,45,393,1277,1251
6140,35,392,1057,1044
6140,40,383,1161,1132
6140,25,356,682,665
6140,50,352,1118,1068
6140,55,299,969,933
6140,60,277,842,797
6140,65,262,763,724
6140,70,239,659,613
6140,20,223,349,344
6140,75,168,448,415
6140,80,124,395,350
6140,15,103,127,127
6140,85,82,200,178
6140,90,30,81,66
6140,95,10,17,12
6140,10,2,2,2
6134,30,1684,4183,4105
6134,35,1592,4594,4491
6134,40,1394,4620,4526
6134,25,1393,2858,2817
6134,45,1201,4147,4012
6134,50,1145,4100,3958
6134,55,1032,3653,3535
6134,20,967,1519,1495
6134,60,841,2885,2748
6134,65,708,2340,2222
6134,70,482,1480,1382
6134,75,393,1171,1086
6134,15,352,444,432
6134,80,254,734,656
6134,85,169,503,429
6134,90,48,158,139
6134,95,12,24,19
6134,10,6,6,6
6126,35,2895,7798,7697
6126,30,2811,6614,6557
6126,45,2528,8260,8031
6126,40,2472,7247,7054
6126,50,2269,7648,7444
6126,25,2190,4464,4413
6126,60,1806,5926,5654
6126,55,1734,6092,5849
6126,20,1730,2984,2952
6126,65,1340,3892,3798
6126,70,1067,3553,3360
6126,75,889,2911,2581
6126,80,718,1929,1658
6126,15,625,766,732
6126,85,331,786,669
6126,90,118,356,323
6126,95,29,136,133
6126,10,12,12,12
6119,35,823,2275,2219
6119,30,798,1947,1887
6119,25,693,1478,1458
6119,40,669,2147,2078
6119,50,627,2124,2042
6119,45,624,2063,2020
6119,55,542,1825,1772
6119,20,503,808,791
6119,60,489,1581,1513
6119,65,387,1159,1121
6119,70,294,923,858
6119,75,273,803,723
6119,80,183,513,456
6119,15,174,200,200
6119,85,108,294,252
6119,90,39,131,105
6119,95,6,15,13
6119,10,2,2,2
6112,50,1191,3550,3432
6112,35,1182,3089,3024
6112,45,1140,3370,3288
6112,30,1128,2539,2493
6112,40,1122,3266,3191
6112,55,1061,3108,3005
6112,60,993,2765,2665
6112,25,859,1627,1601
6112,65,802,2237,2128
6112,70,748,1932,1803
6112,75,685,1890,1755
6112,20,558,848,841
6112,80,515,1310,1188
6112,85,275,690,604
6112,15,209,250,247
6112,90,96,264,228
6112,95,31,79,70
6112,10,1,2,2
6105,35,963,2497,2450
6105,50,911,2755,2649
6105,45,911,2646,2579
6105,60,885,2457,2363
6105,30,855,1869,1823
6105,55,830,2349,2292
6105,40,828,2417,2368
6105,65,737,1950,1852
6105,25,694,1311,1291
6105,70,676,1772,1676
6105,75,557,1503,1397
6105,20,474,696,681
6105,80,393,1055,943
6105,85,251,672,606
6105,15,158,191,189
6105,90,108,329,276
6105,95,23,89,73
6105,10,4,7,7
6098,35,2709,6990,6884
6098,30,2583,5783,5739
6098,40,2509,7239,7076
6098,25,2207,4024,3984
6098,45,2149,6421,6165
6098,50,1978,5750,5562
6098,55,1953,5929,5780
6098,60,1797,5367,5192
6098,65,1687,4641,4458
6098,20,1398,2317,2305
6098,70,1126,3000,2752
6098,75,1094,3269,3046
6098,80,511,1221,1139
6098,15,497,544,530
6098,85,461,1349,1228
6098,90,136,421,308
6098,95,41,218,178
6091,30,10174,22749,22295
6091,35,10102,27490,26728
6091,40,9294,27239,26645
6091,45,8138,26091,25458
6091,50,7611,25192,24329
6091,55,7541,24804,23808
6091,25,7450,14313,14030
6091,60,6400,20608,19791
6091,20,6271,9462,9327
6091,65,5120,16245,15095
6091,70,3787,12194,11193
6091,75,2760,8541,7737
6091,80,1926,5691,5073
6091,15,1513,1812,1791
6091,85,1121,3217,2768
6091,90,286,879,808
6091,95,37,75,65
6091,10,21,32,32
6084,35,596,1585,1565
6084,40,534,1589,1558
6084,30,527,1220,1198
6084,45,523,1638,1604
6084,55,500,1531,1479
6084,50,498,1460,1430
6084,25,425,853,843
6084,60,419,1235,1186
6084,65,392,1184,1117
6084,20,322,500,494
6084,70,294,978,917
6084,75,273,881,789
6084,80,217,608,557
6084,15,121,154,152
6084,85,97,318,281
6084,90,45,133,114
6084,95,18,57,47
6084,10,2,4,4
6077,30,878,2047,1989
6077,40,831,2514,2474
6077,35,827,2276,2253
6077,45,791,2375,2311
6077,50,708,2203,2112
6077,55,694,2048,1974
6077,25,666,1371,1348
6077,60,643,1939,1860
6077,65,514,1565,1489
6077,20,463,747,732
6077,70,461,1240,1166
6077,75,368,975,891
6077,80,293,715,656
6077,85,178,488,416
6077,15,147,181,181
6077,90,59,144,119
6077,95,12,32,26
6077,10,4,8,8
6070,30,1012,2370,2322
6070,35,1001,2744,2685
6070,40,897,2547,2487
6070,45,833,2478,2406
6070,50,798,2519,2443
6070,55,797,2411,2295
6070,25,770,1577,1558
6070,60,663,2003,1895
6070,20,556,910,901
6070,65,530,1582,1496
6070,70,480,1419,1325
6070,75,405,1160,1064
6070,80,285,749,665
6070,15,190,247,244
6070,85,173,463,397
6070,90,47,141,117
6070,95,11,28,26
6070,10,5,6,6
6063,35,1251,3188,3140
6063,45,1246,3730,3607
6063,30,1211,2674,2624
6063,40,1189,3423,3347
6063,50,1126,3440,3343
6063,55,1098,3348,3247
6063,60,971,3015,2897
6063,65,882,2620,2498
6063,25,856,1593,1573
6063,70,705,2022,1900
6063,75,624,1774,1628
6063,20,587,880,869
6063,80,474,1323,1181
6063,85,255,748,674
6063,15,205,250,249
6063,90,83,274,226
6063,95,25,66,51
6063,10,3,5,5
6056,45,8299,25136,24592
6056,35,8292,21321,20893
6056,40,7757,22164,21552
6056,50,7628,23123,22214
6056,30,7546,15500,15047
6056,55,7238,21886,21190
6056,60,6730,20040,19243
6056,65,5959,17562,16788
6056,25,5443,9717,9539
6056,70,4817,13862,12835
6056,75,4068,11195,10275
6056,20,4018,5931,5864
6056,80,3237,8627,7730
6056,85,1811,4265,3824
6056,15,1360,1698,1675
6056,90,700,1750,1402
6056,95,137,304,252
6056,10,30,60,60
6049,30,2038,4523,4485
6049,40,1842,5208,5131
6049,35,1746,4508,4339
6049,55,1724,5348,5192
6049,45,1655,4913,4830
6049,60,1600,4510,4380
6049,50,1551,4520,4437
6049,65,1348,3432,3306
6049,25,1282,2585,2575
6049,75,887,2338,2210
6049,20,867,1146,1131
6049,70,836,2072,1893
6049,80,667,1909,1725
6049,85,464,1095,1011
6049,15,353,415,393
6049,95,77,227,186
6049,90,63,234,165
6049,10,23,36,36
6042,35,576,1642,1605
6042,30,542,1317,1297
6042,45,541,1832,1785
6042,40,531,1709,1674
6042,25,479,976,966
6042,50,478,1526,1474
6042,55,462,1545,1488
6042,60,445,1455,1379
6042,65,389,1256,1192
6042,20,344,515,508
6042,70,340,1028,967
6042,75,249,742,694
6042,80,199,576,521
6042,85,131,441,395
6042,15,123,143,142
6042,90,63,222,175
6042,95,11,25,24
6042,10,4,5,5
6035,30,10053,20709,20277
6035,35,9624,22281,21553
6035,40,9512,24039,23570
6035,50,9224,25842,25170
6035,55,8971,25319,24251
6035,45,8646,23382,22652
6035,60,7963,21628,20515
6035,65,7008,18122,17059
6035,25,6636,11963,11867
6035,70,5773,14665,13865
6035,75,5543,12762,12050
6035,20,4705,6727,6621
6035,80,3793,8565,7689
6035,85,2074,4343,3909
6035,15,1291,1545,1516
6035,90,637,1605,1390
6035,95,101,253,204
6035,10,19,35,33
6028,30,17651,41839,41010
6028,35,16102,44386,43383
6028,45,14988,47901,46597
6028,40,14825,46266,45201
6028,50,13540,46667,45042
6028,25,13350,25494,25120
6028,55,12485,41761,40184
6028,60,10446,34520,32787
6028,20,9956,15402,14936
6028,65,8122,27264,25695
6028,70,6718,20745,19562
6028,75,5043,14869,13608
6028,80,3518,9858,8785
6028,15,3032,3656,3617
6028,85,1942,5652,4820
6028,90,483,1577,1252
6028,95,106,363,247
6028,10,92,103,102
6021,45,315,887,870
6021,50,313,829,812
6021,30,312,655,645
6021,55,290,793,761
6021,60,283,787,763
6021,35,274,734,727
6021,40,256,715,692
6021,70,232,610,582
6021,25,223,434,422
6021,65,215,571,545
6021,75,167,415,377
6021,80,162,440,410
6021,20,127,187,186
6021,85,87,225,203
6021,15,49,53,52
6021,90,32,86,78
6021,95,4,8,7
6021,10,2,6,6
6014,30,351,791,771
6014,45,336,1024,1007
6014,40,334,984,966
6014,35,324,919,905
6014,55,313,1006,974
6014,50,310,1030,1008
6014,60,305,949,907
6014,25,250,474,469
6014,65,229,731,705
6014,70,199,613,566
6014,75,183,519,470
6014,20,174,263,258
6014,80,144,487,423
6014,85,76,211,188
6014,15,57,67,67
6014,90,31,85,77
6014,95,6,15,12
6007,45,549,1642,1601
6007,35,518,1406,1377
6007,40,480,1365,1335
6007,30,474,1075,1057
6007,50,446,1299,1249
6007,60,423,1270,1214
6007,55,418,1248,1197
6007,65,365,1097,1030
6007,25,332,619,611
6007,70,315,912,854
6007,75,252,736,687
6007,20,218,334,333
6007,80,189,555,514
6007,85,85,294,266
6007,15,69,82,81
6007,90,41,128,109
6007,95,8,19,15
6007,10,2,3,3
6007,0,,,0
